listing_id,owner_username,country_name,city_name,object_type_name,description,capacity,number_of_rooms,base_price_in_minor,currency_code
300029,load_owner_19,Brazil,Rio de Janeiro,studio,Load listing #19,2,4,10019,RUB
300049,load_owner_39,Brazil,Rio de Janeiro,cabin,Load listing #39,4,4,10039,RUB
300069,load_owner_59,Brazil,Rio de Janeiro,studio,Load listing #59,6,4,10059,RUB
300089,load_owner_79,Brazil,Rio de Janeiro,cabin,Load listing #79,2,4,10079,RUB
300109,load_owner_99,Brazil,Rio de Janeiro,studio,Load listing #99,4,4,10099,RUB
300129,load_owner_119,Brazil,Rio de Janeiro,cabin,Load listing #119,6,4,10119,RUB
300149,load_owner_139,Brazil,Rio de Janeiro,studio,Load listing #139,2,4,10139,RUB
300169,load_owner_159,Brazil,Rio de Janeiro,cabin,Load listing #159,4,4,10159,RUB
300189,load_owner_179,Brazil,Rio de Janeiro,studio,Load listing #179,6,4,10179,RUB
300209,load_owner_199,Brazil,Rio de Janeiro,cabin,Load listing #199,2,4,10199,RUB
300229,load_owner_219,Brazil,Rio de Janeiro,studio,Load listing #219,4,4,10219,RUB
300249,load_owner_239,Brazil,Rio de Janeiro,cabin,Load listing #239,6,4,10239,RUB
300269,load_owner_259,Brazil,Rio de Janeiro,studio,Load listing #259,2,4,10259,RUB
300289,load_owner_279,Brazil,Rio de Janeiro,cabin,Load listing #279,4,4,10279,RUB
300309,load_owner_299,Brazil,Rio de Janeiro,studio,Load listing #299,6,4,10299,RUB
300329,load_owner_319,Brazil,Rio de Janeiro,cabin,Load listing #319,2,4,10319,RUB
300349,load_owner_339,Brazil,Rio de Janeiro,studio,Load listing #339,4,4,10339,RUB
300369,load_owner_359,Brazil,Rio de Janeiro,cabin,Load listing #359,6,4,10359,RUB
300389,load_owner_379,Brazil,Rio de Janeiro,studio,Load listing #379,2,4,10379,RUB
300409,load_owner_399,Brazil,Rio de Janeiro,cabin,Load listing #399,4,4,10399,RUB
300429,load_owner_419,Brazil,Rio de Janeiro,studio,Load listing #419,6,4,10419,RUB
300449,load_owner_439,Brazil,Rio de Janeiro,cabin,Load listing #439,2,4,10439,RUB
300469,load_owner_459,Brazil,Rio de Janeiro,studio,Load listing #459,4,4,10459,RUB
300489,load_owner_479,Brazil,Rio de Janeiro,cabin,Load listing #479,6,4,10479,RUB
300509,load_owner_499,Brazil,Rio de Janeiro,studio,Load listing #499,2,4,10499,RUB
300529,load_owner_519,Brazil,Rio de Janeiro,cabin,Load listing #519,4,4,10519,RUB
300549,load_owner_539,Brazil,Rio de Janeiro,studio,Load listing #539,6,4,10539,RUB
300569,load_owner_559,Brazil,Rio de Janeiro,cabin,Load listing #559,2,4,10559,RUB
300589,load_owner_579,Brazil,Rio de Janeiro,studio,Load listing #579,4,4,10579,RUB
300609,load_owner_599,Brazil,Rio de Janeiro,cabin,Load listing #599,6,4,10599,RUB
300629,load_owner_619,Brazil,Rio de Janeiro,studio,Load listing #619,2,4,10619,RUB
300649,load_owner_639,Brazil,Rio de Janeiro,cabin,Load listing #639,4,4,10639,RUB
300669,load_owner_659,Brazil,Rio de Janeiro,studio,Load listing #659,6,4,10659,RUB
300689,load_owner_679,Brazil,Rio de Janeiro,cabin,Load listing #679,2,4,10679,RUB
300709,load_owner_699,Brazil,Rio de Janeiro,studio,Load listing #699,4,4,10699,RUB
300729,load_owner_719,Brazil,Rio de Janeiro,cabin,Load listing #719,6,4,10719,RUB
300749,load_owner_739,Brazil,Rio de Janeiro,studio,Load listing #739,2,4,10739,RUB
300769,load_owner_759,Brazil,Rio de Janeiro,cabin,Load listing #759,4,4,10759,RUB
300789,load_owner_779,Brazil,Rio de Janeiro,studio,Load listing #779,6,4,10779,RUB
300809,load_owner_799,Brazil,Rio de Janeiro,cabin,Load listing #799,2,4,10799,RUB
300829,load_owner_819,Brazil,Rio de Janeiro,studio,Load listing #819,4,4,10819,RUB
300849,load_owner_839,Brazil,Rio de Janeiro,cabin,Load listing #839,6,4,10839,RUB
300869,load_owner_859,Brazil,Rio de Janeiro,studio,Load listing #859,2,4,10859,RUB
300889,load_owner_879,Brazil,Rio de Janeiro,cabin,Load listing #879,4,4,10879,RUB
300909,load_owner_899,Brazil,Rio de Janeiro,studio,Load listing #899,6,4,10899,RUB
300929,load_owner_919,Brazil,Rio de Janeiro,cabin,Load listing #919,2,4,10919,RUB
300949,load_owner_939,Brazil,Rio de Janeiro,studio,Load listing #939,4,4,10939,RUB
300969,load_owner_959,Brazil,Rio de Janeiro,cabin,Load listing #959,6,4,10959,RUB
300989,load_owner_979,Brazil,Rio de Janeiro,studio,Load listing #979,2,4,10979,RUB
301009,load_owner_999,Brazil,Rio de Janeiro,cabin,Load listing #999,4,4,10999,RUB
400015,load_owner_1019,Brazil,Rio de Janeiro,studio,Load listing #1019,6,4,11019,RUB
400033,load_owner_1059,Brazil,Rio de Janeiro,studio,Load listing #1059,4,4,11059,RUB
400067,load_owner_1119,Brazil,Rio de Janeiro,cabin,Load listing #1119,4,4,11119,RUB
400080,load_owner_1139,Brazil,Rio de Janeiro,studio,Load listing #1139,6,4,11250,RUB
400114,load_owner_1219,Brazil,Rio de Janeiro,studio,Load listing #1219,2,4,11219,RUB
400149,load_owner_1279,Brazil,Rio de Janeiro,cabin,Load listing #1279,2,4,11279,RUB
400159,load_owner_1299,Brazil,Rio de Janeiro,studio,Load listing #1299,4,4,11299,RUB
400180,load_owner_1339,Brazil,Rio de Janeiro,studio,Load listing #1339,2,4,11450,RUB
400189,load_owner_1359,Brazil,Rio de Janeiro,cabin,Load listing #1359,4,4,11359,RUB
400240,load_owner_1459,Brazil,Rio de Janeiro,studio,Load listing #1459,2,4,11570,RUB
400250,load_owner_1479,Brazil,Rio de Janeiro,cabin,Load listing #1479,4,4,11590,RUB
400327,load_owner_1639,Brazil,Rio de Janeiro,cabin,Load listing #1639,2,4,11639,RUB
400337,load_owner_1659,Brazil,Rio de Janeiro,studio,Load listing #1659,4,4,11659,RUB
400360,load_owner_1699,Brazil,Rio de Janeiro,studio,Load listing #1699,2,4,11810,RUB
400369,load_owner_1719,Brazil,Rio de Janeiro,cabin,Load listing #1719,4,4,11719,RUB
400391,load_owner_1759,Brazil,Rio de Janeiro,cabin,Load listing #1759,2,4,11759,RUB
400400,load_owner_1779,Brazil,Rio de Janeiro,studio,Load listing #1779,4,4,11890,RUB
400432,load_owner_1839,Brazil,Rio de Janeiro,cabin,Load listing #1839,4,4,11839,RUB
400442,load_owner_1859,Brazil,Rio de Janeiro,studio,Load listing #1859,6,4,11859,RUB
400467,load_owner_1899,Brazil,Rio de Janeiro,studio,Load listing #1899,4,4,11899,RUB
400500,load_owner_1959,Brazil,Rio de Janeiro,cabin,Load listing #1959,4,4,12070,RUB
400521,load_owner_1999,Brazil,Rio de Janeiro,cabin,Load listing #1999,2,4,11999,RUB
400554,load_owner_2079,Brazil,Rio de Janeiro,cabin,Load listing #2079,4,4,12079,RUB
400567,load_owner_2099,Brazil,Rio de Janeiro,studio,Load listing #2099,6,4,12099,RUB
400605,load_owner_2179,Brazil,Rio de Janeiro,studio,Load listing #2179,2,4,12179,RUB
400646,load_owner_2259,Brazil,Rio de Janeiro,studio,Load listing #2259,4,4,12259,RUB
400658,load_owner_2279,Brazil,Rio de Janeiro,cabin,Load listing #2279,6,4,12279,RUB
400684,load_owner_2319,Brazil,Rio de Janeiro,cabin,Load listing #2319,4,4,12319,RUB
400705,load_owner_2359,Brazil,Rio de Janeiro,cabin,Load listing #2359,2,4,12359,RUB
400715,load_owner_2379,Brazil,Rio de Janeiro,studio,Load listing #2379,4,4,12379,RUB
400727,load_owner_2399,Brazil,Rio de Janeiro,cabin,Load listing #2399,6,4,12399,RUB
400737,load_owner_2419,Brazil,Rio de Janeiro,studio,Load listing #2419,2,4,12419,RUB
400773,load_owner_2479,Brazil,Rio de Janeiro,cabin,Load listing #2479,2,4,12479,RUB
400800,load_owner_2539,Brazil,Rio de Janeiro,studio,Load listing #2539,2,4,12650,RUB
400813,load_owner_2559,Brazil,Rio de Janeiro,cabin,Load listing #2559,4,4,12559,RUB
400882,load_owner_2699,Brazil,Rio de Janeiro,studio,Load listing #2699,6,4,12699,RUB
400894,load_owner_2719,Brazil,Rio de Janeiro,cabin,Load listing #2719,2,4,12719,RUB
400902,load_owner_2739,Brazil,Rio de Janeiro,studio,Load listing #2739,4,4,12739,RUB
400909,load_owner_2759,Brazil,Rio de Janeiro,cabin,Load listing #2759,6,4,12759,RUB
400947,load_owner_2839,Brazil,Rio de Janeiro,cabin,Load listing #2839,2,4,12839,RUB
400957,load_owner_2859,Brazil,Rio de Janeiro,studio,Load listing #2859,4,4,12859,RUB
400971,load_owner_2879,Brazil,Rio de Janeiro,cabin,Load listing #2879,6,4,12879,RUB
400977,load_owner_2899,Brazil,Rio de Janeiro,studio,Load listing #2899,2,4,12899,RUB
400997,load_owner_2939,Brazil,Rio de Janeiro,studio,Load listing #2939,6,4,12939,RUB
401040,load_owner_3019,Brazil,Rio de Janeiro,studio,Load listing #3019,2,4,13130,RUB
401047,load_owner_3039,Brazil,Rio de Janeiro,cabin,Load listing #3039,4,4,13039,RUB
401058,load_owner_3059,Brazil,Rio de Janeiro,studio,Load listing #3059,6,4,13059,RUB
401076,load_owner_3099,Brazil,Rio de Janeiro,studio,Load listing #3099,4,4,13099,RUB
401086,load_owner_3119,Brazil,Rio de Janeiro,cabin,Load listing #3119,6,4,13119,RUB
401108,load_owner_3159,Brazil,Rio de Janeiro,cabin,Load listing #3159,4,4,13159,RUB
401122,load_owner_3179,Brazil,Rio de Janeiro,studio,Load listing #3179,6,4,13179,RUB
401130,load_owner_3199,Brazil,Rio de Janeiro,cabin,Load listing #3199,2,4,13310,RUB
401144,load_owner_3219,Brazil,Rio de Janeiro,studio,Load listing #3219,4,4,13219,RUB
401163,load_owner_3259,Brazil,Rio de Janeiro,studio,Load listing #3259,2,4,13259,RUB
401203,load_owner_3339,Brazil,Rio de Janeiro,studio,Load listing #3339,4,4,13339,RUB
401214,load_owner_3359,Brazil,Rio de Janeiro,cabin,Load listing #3359,6,4,13359,RUB
401224,load_owner_3379,Brazil,Rio de Janeiro,studio,Load listing #3379,2,4,13379,RUB
401236,load_owner_3399,Brazil,Rio de Janeiro,cabin,Load listing #3399,4,4,13399,RUB
401258,load_owner_3439,Brazil,Rio de Janeiro,cabin,Load listing #3439,2,4,13439,RUB
401270,load_owner_3459,Brazil,Rio de Janeiro,studio,Load listing #3459,4,4,13570,RUB
401283,load_owner_3479,Brazil,Rio de Janeiro,cabin,Load listing #3479,6,4,13479,RUB
401295,load_owner_3499,Brazil,Rio de Janeiro,studio,Load listing #3499,2,4,13499,RUB
401307,load_owner_3519,Brazil,Rio de Janeiro,cabin,Load listing #3519,4,4,13519,RUB
401330,load_owner_3559,Brazil,Rio de Janeiro,cabin,Load listing #3559,2,4,13670,RUB
401350,load_owner_3599,Brazil,Rio de Janeiro,cabin,Load listing #3599,6,4,13710,RUB
401361,load_owner_3619,Brazil,Rio de Janeiro,studio,Load listing #3619,2,4,13619,RUB
401376,load_owner_3659,Brazil,Rio de Janeiro,studio,Load listing #3659,6,4,13659,RUB
401387,load_owner_3679,Brazil,Rio de Janeiro,cabin,Load listing #3679,2,4,13679,RUB
401399,load_owner_3699,Brazil,Rio de Janeiro,studio,Load listing #3699,4,4,13699,RUB
401411,load_owner_3719,Brazil,Rio de Janeiro,cabin,Load listing #3719,6,4,13719,RUB
401481,load_owner_3879,Brazil,Rio de Janeiro,cabin,Load listing #3879,4,4,13879,RUB
401503,load_owner_3919,Brazil,Rio de Janeiro,cabin,Load listing #3919,2,4,13919,RUB
401540,load_owner_3979,Brazil,Rio de Janeiro,studio,Load listing #3979,2,4,14090,RUB
401617,load_owner_4139,Brazil,Rio de Janeiro,studio,Load listing #4139,6,4,14139,RUB
401627,load_owner_4159,Brazil,Rio de Janeiro,cabin,Load listing #4159,2,4,14159,RUB
401635,load_owner_4179,Brazil,Rio de Janeiro,studio,Load listing #4179,4,4,14179,RUB
401645,load_owner_4199,Brazil,Rio de Janeiro,cabin,Load listing #4199,6,4,14199,RUB
401681,load_owner_4279,Brazil,Rio de Janeiro,cabin,Load listing #4279,2,4,14279,RUB
401690,load_owner_4299,Brazil,Rio de Janeiro,studio,Load listing #4299,4,4,14410,RUB
401702,load_owner_4319,Brazil,Rio de Janeiro,cabin,Load listing #4319,6,4,14319,RUB
401740,load_owner_4399,Brazil,Rio de Janeiro,cabin,Load listing #4399,2,4,14510,RUB
401749,load_owner_4419,Brazil,Rio de Janeiro,studio,Load listing #4419,4,4,14419,RUB
401763,load_owner_4439,Brazil,Rio de Janeiro,cabin,Load listing #4439,6,4,14439,RUB
401774,load_owner_4459,Brazil,Rio de Janeiro,studio,Load listing #4459,2,4,14459,RUB
401785,load_owner_4479,Brazil,Rio de Janeiro,cabin,Load listing #4479,4,4,14479,RUB
401795,load_owner_4499,Brazil,Rio de Janeiro,studio,Load listing #4499,6,4,14499,RUB
401815,load_owner_4539,Brazil,Rio de Janeiro,studio,Load listing #4539,4,4,14539,RUB
401862,load_owner_4639,Brazil,Rio de Janeiro,cabin,Load listing #4639,2,4,14639,RUB
401873,load_owner_4659,Brazil,Rio de Janeiro,studio,Load listing #4659,4,4,14659,RUB
401882,load_owner_4679,Brazil,Rio de Janeiro,cabin,Load listing #4679,6,4,14679,RUB
401896,load_owner_4699,Brazil,Rio de Janeiro,studio,Load listing #4699,2,4,14699,RUB
401914,load_owner_4739,Brazil,Rio de Janeiro,studio,Load listing #4739,6,4,14739,RUB
401923,load_owner_4759,Brazil,Rio de Janeiro,cabin,Load listing #4759,2,4,14759,RUB
401935,load_owner_4779,Brazil,Rio de Janeiro,studio,Load listing #4779,4,4,14779,RUB
401955,load_owner_4819,Brazil,Rio de Janeiro,studio,Load listing #4819,2,4,14819,RUB
401968,load_owner_4839,Brazil,Rio de Janeiro,cabin,Load listing #4839,4,4,14839,RUB
401998,load_owner_4899,Brazil,Rio de Janeiro,studio,Load listing #4899,4,4,14899,RUB
402039,load_owner_4979,Brazil,Rio de Janeiro,studio,Load listing #4979,6,4,14979,RUB
402060,load_owner_5019,Brazil,Rio de Janeiro,studio,Load listing #5019,4,4,15130,RUB
402067,load_owner_5039,Brazil,Rio de Janeiro,cabin,Load listing #5039,6,4,15039,RUB
402085,load_owner_5079,Brazil,Rio de Janeiro,cabin,Load listing #5079,4,4,15079,RUB
402106,load_owner_5119,Brazil,Rio de Janeiro,cabin,Load listing #5119,2,4,15119,RUB
402123,load_owner_5159,Brazil,Rio de Janeiro,cabin,Load listing #5159,6,4,15159,RUB
402132,load_owner_5179,Brazil,Rio de Janeiro,studio,Load listing #5179,2,4,15179,RUB
402143,load_owner_5199,Brazil,Rio de Janeiro,cabin,Load listing #5199,4,4,15199,RUB
402153,load_owner_5219,Brazil,Rio de Janeiro,studio,Load listing #5219,6,4,15219,RUB
402165,load_owner_5239,Brazil,Rio de Janeiro,cabin,Load listing #5239,2,4,15239,RUB
402181,load_owner_5279,Brazil,Rio de Janeiro,cabin,Load listing #5279,6,4,15279,RUB
402215,load_owner_5339,Brazil,Rio de Janeiro,studio,Load listing #5339,6,4,15339,RUB
402237,load_owner_5379,Brazil,Rio de Janeiro,studio,Load listing #5379,4,4,15379,RUB
402264,load_owner_5439,Brazil,Rio de Janeiro,cabin,Load listing #5439,4,4,15439,RUB
402275,load_owner_5459,Brazil,Rio de Janeiro,studio,Load listing #5459,6,4,15459,RUB
402297,load_owner_5499,Brazil,Rio de Janeiro,studio,Load listing #5499,4,4,15499,RUB
402307,load_owner_5519,Brazil,Rio de Janeiro,cabin,Load listing #5519,6,4,15519,RUB
402316,load_owner_5539,Brazil,Rio de Janeiro,studio,Load listing #5539,2,4,15539,RUB
402336,load_owner_5579,Brazil,Rio de Janeiro,studio,Load listing #5579,6,4,15579,RUB
402346,load_owner_5599,Brazil,Rio de Janeiro,cabin,Load listing #5599,2,4,15599,RUB
402360,load_owner_5619,Brazil,Rio de Janeiro,studio,Load listing #5619,4,4,15730,RUB
402403,load_owner_5699,Brazil,Rio de Janeiro,studio,Load listing #5699,6,4,15699,RUB
402412,load_owner_5719,Brazil,Rio de Janeiro,cabin,Load listing #5719,2,4,15719,RUB
402423,load_owner_5739,Brazil,Rio de Janeiro,studio,Load listing #5739,4,4,15739,RUB
402436,load_owner_5759,Brazil,Rio de Janeiro,cabin,Load listing #5759,6,4,15759,RUB
402454,load_owner_5799,Brazil,Rio de Janeiro,cabin,Load listing #5799,4,4,15799,RUB
402466,load_owner_5819,Brazil,Rio de Janeiro,studio,Load listing #5819,6,4,15819,RUB
402485,load_owner_5859,Brazil,Rio de Janeiro,studio,Load listing #5859,4,4,15859,RUB
402494,load_owner_5879,Brazil,Rio de Janeiro,cabin,Load listing #5879,6,4,15879,RUB
402512,load_owner_5919,Brazil,Rio de Janeiro,cabin,Load listing #5919,4,4,15919,RUB
402529,load_owner_5959,Brazil,Rio de Janeiro,cabin,Load listing #5959,2,4,15959,RUB
402541,load_owner_5979,Brazil,Rio de Janeiro,studio,Load listing #5979,4,4,15979,RUB
402551,load_owner_5999,Brazil,Rio de Janeiro,cabin,Load listing #5999,6,4,15999,RUB
402604,load_owner_6099,Brazil,Rio de Janeiro,studio,Load listing #6099,4,4,16099,RUB
402615,load_owner_6119,Brazil,Rio de Janeiro,cabin,Load listing #6119,6,4,16119,RUB
402627,load_owner_6139,Brazil,Rio de Janeiro,studio,Load listing #6139,2,4,16139,RUB
402655,load_owner_6199,Brazil,Rio de Janeiro,cabin,Load listing #6199,2,4,16199,RUB
402667,load_owner_6219,Brazil,Rio de Janeiro,studio,Load listing #6219,4,4,16219,RUB
402684,load_owner_6259,Brazil,Rio de Janeiro,studio,Load listing #6259,2,4,16259,RUB
402715,load_owner_6319,Brazil,Rio de Janeiro,cabin,Load listing #6319,2,4,16319,RUB
402727,load_owner_6339,Brazil,Rio de Janeiro,studio,Load listing #6339,4,4,16339,RUB
402736,load_owner_6359,Brazil,Rio de Janeiro,cabin,Load listing #6359,6,4,16359,RUB
402750,load_owner_6379,Brazil,Rio de Janeiro,studio,Load listing #6379,2,4,16490,RUB
402760,load_owner_6399,Brazil,Rio de Janeiro,cabin,Load listing #6399,4,4,16510,RUB
402774,load_owner_6419,Brazil,Rio de Janeiro,studio,Load listing #6419,6,4,16419,RUB
402785,load_owner_6439,Brazil,Rio de Janeiro,cabin,Load listing #6439,2,4,16439,RUB
402817,load_owner_6499,Brazil,Rio de Janeiro,studio,Load listing #6499,2,4,16499,RUB
402826,load_owner_6519,Brazil,Rio de Janeiro,cabin,Load listing #6519,4,4,16519,RUB
402860,load_owner_6599,Brazil,Rio de Janeiro,cabin,Load listing #6599,6,4,16710,RUB
402885,load_owner_6639,Brazil,Rio de Janeiro,cabin,Load listing #6639,4,4,16639,RUB
402896,load_owner_6659,Brazil,Rio de Janeiro,studio,Load listing #6659,6,4,16659,RUB
402906,load_owner_6679,Brazil,Rio de Janeiro,cabin,Load listing #6679,2,4,16679,RUB
402912,load_owner_6699,Brazil,Rio de Janeiro,studio,Load listing #6699,4,4,16699,RUB
402927,load_owner_6739,Brazil,Rio de Janeiro,studio,Load listing #6739,2,4,16739,RUB
402935,load_owner_6759,Brazil,Rio de Janeiro,cabin,Load listing #6759,4,4,16759,RUB
402947,load_owner_6779,Brazil,Rio de Janeiro,studio,Load listing #6779,6,4,16779,RUB
402958,load_owner_6799,Brazil,Rio de Janeiro,cabin,Load listing #6799,2,4,16799,RUB
402990,load_owner_6859,Brazil,Rio de Janeiro,studio,Load listing #6859,2,4,16970,RUB
403022,load_owner_6939,Brazil,Rio de Janeiro,studio,Load listing #6939,4,4,16939,RUB
403028,load_owner_6959,Brazil,Rio de Janeiro,cabin,Load listing #6959,6,4,16959,RUB
403038,load_owner_6979,Brazil,Rio de Janeiro,studio,Load listing #6979,2,4,16979,RUB
403065,load_owner_7039,Brazil,Rio de Janeiro,cabin,Load listing #7039,2,4,17039,RUB
403074,load_owner_7059,Brazil,Rio de Janeiro,studio,Load listing #7059,4,4,17059,RUB
403083,load_owner_7079,Brazil,Rio de Janeiro,cabin,Load listing #7079,6,4,17079,RUB
403092,load_owner_7099,Brazil,Rio de Janeiro,studio,Load listing #7099,2,4,17099,RUB
403124,load_owner_7159,Brazil,Rio de Janeiro,cabin,Load listing #7159,2,4,17159,RUB
403134,load_owner_7179,Brazil,Rio de Janeiro,studio,Load listing #7179,4,4,17179,RUB
403165,load_owner_7259,Brazil,Rio de Janeiro,studio,Load listing #7259,6,4,17259,RUB
403208,load_owner_7339,Brazil,Rio de Janeiro,studio,Load listing #7339,2,4,17339,RUB
403258,load_owner_7439,Brazil,Rio de Janeiro,cabin,Load listing #7439,6,4,17439,RUB
403274,load_owner_7479,Brazil,Rio de Janeiro,cabin,Load listing #7479,4,4,17479,RUB
403282,load_owner_7499,Brazil,Rio de Janeiro,studio,Load listing #7499,6,4,17499,RUB
403297,load_owner_7519,Brazil,Rio de Janeiro,cabin,Load listing #7519,2,4,17519,RUB
403309,load_owner_7539,Brazil,Rio de Janeiro,studio,Load listing #7539,4,4,17539,RUB
403320,load_owner_7559,Brazil,Rio de Janeiro,cabin,Load listing #7559,6,4,17670,RUB
403328,load_owner_7579,Brazil,Rio de Janeiro,studio,Load listing #7579,2,4,17579,RUB
403334,load_owner_7599,Brazil,Rio de Janeiro,cabin,Load listing #7599,4,4,17599,RUB
403346,load_owner_7619,Brazil,Rio de Janeiro,studio,Load listing #7619,6,4,17619,RUB
403357,load_owner_7639,Brazil,Rio de Janeiro,cabin,Load listing #7639,2,4,17639,RUB
403381,load_owner_7679,Brazil,Rio de Janeiro,cabin,Load listing #7679,6,4,17679,RUB
403390,load_owner_7699,Brazil,Rio de Janeiro,studio,Load listing #7699,2,4,17810,RUB
403430,load_owner_7779,Brazil,Rio de Janeiro,studio,Load listing #7779,4,4,17890,RUB
403441,load_owner_7799,Brazil,Rio de Janeiro,cabin,Load listing #7799,6,4,17799,RUB
403449,load_owner_7819,Brazil,Rio de Janeiro,studio,Load listing #7819,2,4,17819,RUB
403476,load_owner_7879,Brazil,Rio de Janeiro,cabin,Load listing #7879,2,4,17879,RUB
403487,load_owner_7899,Brazil,Rio de Janeiro,studio,Load listing #7899,4,4,17899,RUB
403496,load_owner_7919,Brazil,Rio de Janeiro,cabin,Load listing #7919,6,4,17919,RUB
403509,load_owner_7939,Brazil,Rio de Janeiro,studio,Load listing #7939,2,4,17939,RUB
403520,load_owner_7959,Brazil,Rio de Janeiro,cabin,Load listing #7959,4,4,18070,RUB
403531,load_owner_7979,Brazil,Rio de Janeiro,studio,Load listing #7979,6,4,17979,RUB
403569,load_owner_8039,Brazil,Rio de Janeiro,cabin,Load listing #8039,6,4,18039,RUB
403581,load_owner_8059,Brazil,Rio de Janeiro,studio,Load listing #8059,2,4,18059,RUB
403591,load_owner_8079,Brazil,Rio de Janeiro,cabin,Load listing #8079,4,4,18079,RUB
403616,load_owner_8119,Brazil,Rio de Janeiro,cabin,Load listing #8119,2,4,18119,RUB
403624,load_owner_8139,Brazil,Rio de Janeiro,studio,Load listing #8139,4,4,18139,RUB
403636,load_owner_8159,Brazil,Rio de Janeiro,cabin,Load listing #8159,6,4,18159,RUB
403649,load_owner_8179,Brazil,Rio de Janeiro,studio,Load listing #8179,2,4,18179,RUB
403657,load_owner_8199,Brazil,Rio de Janeiro,cabin,Load listing #8199,4,4,18199,RUB
403678,load_owner_8239,Brazil,Rio de Janeiro,cabin,Load listing #8239,2,4,18239,RUB
403700,load_owner_8279,Brazil,Rio de Janeiro,cabin,Load listing #8279,6,4,18390,RUB
403732,load_owner_8339,Brazil,Rio de Janeiro,studio,Load listing #8339,6,4,18339,RUB
403745,load_owner_8359,Brazil,Rio de Janeiro,cabin,Load listing #8359,2,4,18359,RUB
403779,load_owner_8419,Brazil,Rio de Janeiro,studio,Load listing #8419,2,4,18419,RUB
403801,load_owner_8459,Brazil,Rio de Janeiro,studio,Load listing #8459,6,4,18459,RUB
403812,load_owner_8479,Brazil,Rio de Janeiro,cabin,Load listing #8479,2,4,18479,RUB
403820,load_owner_8499,Brazil,Rio de Janeiro,studio,Load listing #8499,4,4,18610,RUB
403845,load_owner_8539,Brazil,Rio de Janeiro,studio,Load listing #8539,2,4,18539,RUB
403852,load_owner_8559,Brazil,Rio de Janeiro,cabin,Load listing #8559,4,4,18559,RUB
403863,load_owner_8579,Brazil,Rio de Janeiro,studio,Load listing #8579,6,4,18579,RUB
403904,load_owner_8659,Brazil,Rio de Janeiro,studio,Load listing #8659,2,4,18659,RUB
403922,load_owner_8699,Brazil,Rio de Janeiro,studio,Load listing #8699,6,4,18699,RUB
403932,load_owner_8719,Brazil,Rio de Janeiro,cabin,Load listing #8719,2,4,18719,RUB
403960,load_owner_8779,Brazil,Rio de Janeiro,studio,Load listing #8779,2,4,18890,RUB
403976,load_owner_8799,Brazil,Rio de Janeiro,cabin,Load listing #8799,4,4,18799,RUB
404026,load_owner_8919,Brazil,Rio de Janeiro,cabin,Load listing #8919,4,4,18919,RUB
404049,load_owner_8959,Brazil,Rio de Janeiro,cabin,Load listing #8959,2,4,18959,RUB
404059,load_owner_8979,Brazil,Rio de Janeiro,studio,Load listing #8979,4,4,18979,RUB
404076,load_owner_9019,Brazil,Rio de Janeiro,studio,Load listing #9019,2,4,10019,RUB
404092,load_owner_9039,Brazil,Rio de Janeiro,cabin,Load listing #9039,4,4,10039,RUB
404098,load_owner_9059,Brazil,Rio de Janeiro,studio,Load listing #9059,6,4,10059,RUB
404117,load_owner_9099,Brazil,Rio de Janeiro,studio,Load listing #9099,4,4,10099,RUB
404136,load_owner_9139,Brazil,Rio de Janeiro,studio,Load listing #9139,2,4,10139,RUB
404144,load_owner_9159,Brazil,Rio de Janeiro,cabin,Load listing #9159,4,4,10159,RUB
404166,load_owner_9199,Brazil,Rio de Janeiro,cabin,Load listing #9199,2,4,10199,RUB
404175,load_owner_9219,Brazil,Rio de Janeiro,studio,Load listing #9219,4,4,10219,RUB
404224,load_owner_9339,Brazil,Rio de Janeiro,studio,Load listing #9339,4,4,10339,RUB
404242,load_owner_9379,Brazil,Rio de Janeiro,studio,Load listing #9379,2,4,10379,RUB
404268,load_owner_9439,Brazil,Rio de Janeiro,cabin,Load listing #9439,2,4,10439,RUB
404280,load_owner_9459,Brazil,Rio de Janeiro,studio,Load listing #9459,4,4,10570,RUB
404287,load_owner_9479,Brazil,Rio de Janeiro,cabin,Load listing #9479,6,4,10479,RUB
404305,load_owner_9519,Brazil,Rio de Janeiro,cabin,Load listing #9519,4,4,10519,RUB
404317,load_owner_9539,Brazil,Rio de Janeiro,studio,Load listing #9539,6,4,10539,RUB
404337,load_owner_9579,Brazil,Rio de Janeiro,studio,Load listing #9579,4,4,10579,RUB
404359,load_owner_9619,Brazil,Rio de Janeiro,studio,Load listing #9619,2,4,10619,RUB
404376,load_owner_9659,Brazil,Rio de Janeiro,studio,Load listing #9659,6,4,10659,RUB
404385,load_owner_9679,Brazil,Rio de Janeiro,cabin,Load listing #9679,2,4,10679,RUB
404476,load_owner_9839,Brazil,Rio de Janeiro,cabin,Load listing #9839,6,4,10839,RUB
404485,load_owner_9859,Brazil,Rio de Janeiro,studio,Load listing #9859,2,4,10859,RUB
404496,load_owner_9879,Brazil,Rio de Janeiro,cabin,Load listing #9879,4,4,10879,RUB
404508,load_owner_9899,Brazil,Rio de Janeiro,studio,Load listing #9899,6,4,10899,RUB
404548,load_owner_9979,Brazil,Rio de Janeiro,studio,Load listing #9979,2,4,10979,RUB
404558,load_owner_9999,Brazil,Rio de Janeiro,cabin,Load listing #9999,4,4,10999,RUB
404573,load_owner_10039,Brazil,Rio de Janeiro,cabin,Load listing #10039,2,4,11039,RUB
404582,load_owner_10059,Brazil,Rio de Janeiro,studio,Load listing #10059,4,4,11059,RUB
404591,load_owner_10079,Brazil,Rio de Janeiro,cabin,Load listing #10079,6,4,11079,RUB
404603,load_owner_10099,Brazil,Rio de Janeiro,studio,Load listing #10099,2,4,11099,RUB
404644,load_owner_10179,Brazil,Rio de Janeiro,studio,Load listing #10179,4,4,11179,RUB
404654,load_owner_10199,Brazil,Rio de Janeiro,cabin,Load listing #10199,6,4,11199,RUB
404680,load_owner_10259,Brazil,Rio de Janeiro,studio,Load listing #10259,6,4,11370,RUB
404751,load_owner_10399,Brazil,Rio de Janeiro,cabin,Load listing #10399,2,4,11399,RUB
404768,load_owner_10439,Brazil,Rio de Janeiro,cabin,Load listing #10439,6,4,11439,RUB
404779,load_owner_10459,Brazil,Rio de Janeiro,studio,Load listing #10459,2,4,11459,RUB
404790,load_owner_10479,Brazil,Rio de Janeiro,cabin,Load listing #10479,4,4,11590,RUB
404802,load_owner_10499,Brazil,Rio de Janeiro,studio,Load listing #10499,6,4,11499,RUB
404811,load_owner_10519,Brazil,Rio de Janeiro,cabin,Load listing #10519,2,4,11519,RUB
404831,load_owner_10559,Brazil,Rio de Janeiro,cabin,Load listing #10559,6,4,11559,RUB
404850,load_owner_10599,Brazil,Rio de Janeiro,cabin,Load listing #10599,4,4,11710,RUB
404893,load_owner_10679,Brazil,Rio de Janeiro,cabin,Load listing #10679,6,4,11679,RUB
404902,load_owner_10699,Brazil,Rio de Janeiro,studio,Load listing #10699,2,4,11699,RUB
404933,load_owner_10759,Brazil,Rio de Janeiro,cabin,Load listing #10759,2,4,11759,RUB
404971,load_owner_10839,Brazil,Rio de Janeiro,cabin,Load listing #10839,4,4,11839,RUB
405025,load_owner_10939,Brazil,Rio de Janeiro,studio,Load listing #10939,2,4,11939,RUB
405035,load_owner_10959,Brazil,Rio de Janeiro,cabin,Load listing #10959,4,4,11959,RUB
405046,load_owner_10979,Brazil,Rio de Janeiro,studio,Load listing #10979,6,4,11979,RUB
405066,load_owner_11039,Brazil,Rio de Janeiro,cabin,Load listing #11039,6,4,12039,RUB
405072,load_owner_11059,Brazil,Rio de Janeiro,studio,Load listing #11059,2,4,12059,RUB
405093,load_owner_11099,Brazil,Rio de Janeiro,studio,Load listing #11099,6,4,12099,RUB
405104,load_owner_11119,Brazil,Rio de Janeiro,cabin,Load listing #11119,2,4,12119,RUB
405113,load_owner_11139,Brazil,Rio de Janeiro,studio,Load listing #11139,4,4,12139,RUB
405133,load_owner_11179,Brazil,Rio de Janeiro,studio,Load listing #11179,2,4,12179,RUB
405168,load_owner_11239,Brazil,Rio de Janeiro,cabin,Load listing #11239,2,4,12239,RUB
405191,load_owner_11279,Brazil,Rio de Janeiro,cabin,Load listing #11279,6,4,12279,RUB
405219,load_owner_11339,Brazil,Rio de Janeiro,studio,Load listing #11339,6,4,12339,RUB
405241,load_owner_11379,Brazil,Rio de Janeiro,studio,Load listing #11379,4,4,12379,RUB
405304,load_owner_11499,Brazil,Rio de Janeiro,studio,Load listing #11499,4,4,12499,RUB
405316,load_owner_11519,Brazil,Rio de Janeiro,cabin,Load listing #11519,6,4,12519,RUB
405327,load_owner_11539,Brazil,Rio de Janeiro,studio,Load listing #11539,2,4,12539,RUB
405342,load_owner_11559,Brazil,Rio de Janeiro,cabin,Load listing #11559,4,4,12559,RUB
405354,load_owner_11579,Brazil,Rio de Janeiro,studio,Load listing #11579,6,4,12579,RUB
405394,load_owner_11659,Brazil,Rio de Janeiro,studio,Load listing #11659,2,4,12659,RUB
405414,load_owner_11699,Brazil,Rio de Janeiro,studio,Load listing #11699,6,4,12699,RUB
405461,load_owner_11799,Brazil,Rio de Janeiro,cabin,Load listing #11799,4,4,12799,RUB
405494,load_owner_11859,Brazil,Rio de Janeiro,studio,Load listing #11859,4,4,12859,RUB
405510,load_owner_11899,Brazil,Rio de Janeiro,studio,Load listing #11899,2,4,13010,RUB
405517,load_owner_11919,Brazil,Rio de Janeiro,cabin,Load listing #11919,4,4,12919,RUB
405527,load_owner_11939,Brazil,Rio de Janeiro,studio,Load listing #11939,6,4,12939,RUB
405537,load_owner_11959,Brazil,Rio de Janeiro,cabin,Load listing #11959,2,4,12959,RUB
405550,load_owner_11979,Brazil,Rio de Janeiro,studio,Load listing #11979,4,4,13090,RUB
405586,load_owner_12059,Brazil,Rio de Janeiro,studio,Load listing #12059,6,4,13059,RUB
405601,load_owner_12099,Brazil,Rio de Janeiro,studio,Load listing #12099,4,4,13099,RUB
405691,load_owner_12279,Brazil,Rio de Janeiro,cabin,Load listing #12279,4,4,13279,RUB
405717,load_owner_12339,Brazil,Rio de Janeiro,studio,Load listing #12339,4,4,13339,RUB
405728,load_owner_12359,Brazil,Rio de Janeiro,cabin,Load listing #12359,6,4,13359,RUB
405767,load_owner_12459,Brazil,Rio de Janeiro,studio,Load listing #12459,4,4,13459,RUB
405825,load_owner_12579,Brazil,Rio de Janeiro,studio,Load listing #12579,4,4,13579,RUB
405845,load_owner_12619,Brazil,Rio de Janeiro,studio,Load listing #12619,2,4,13619,RUB
405885,load_owner_12699,Brazil,Rio de Janeiro,studio,Load listing #12699,4,4,13699,RUB
405893,load_owner_12719,Brazil,Rio de Janeiro,cabin,Load listing #12719,6,4,13719,RUB
405902,load_owner_12739,Brazil,Rio de Janeiro,studio,Load listing #12739,2,4,13739,RUB
405925,load_owner_12779,Brazil,Rio de Janeiro,studio,Load listing #12779,6,4,13779,RUB
405943,load_owner_12819,Brazil,Rio de Janeiro,studio,Load listing #12819,4,4,13819,RUB
405968,load_owner_12859,Brazil,Rio de Janeiro,studio,Load listing #12859,2,4,13859,RUB
405987,load_owner_12899,Brazil,Rio de Janeiro,studio,Load listing #12899,6,4,13899,RUB
406000,load_owner_12919,Brazil,Rio de Janeiro,cabin,Load listing #12919,2,4,14030,RUB
406011,load_owner_12939,Brazil,Rio de Janeiro,studio,Load listing #12939,4,4,13939,RUB
406024,load_owner_12959,Brazil,Rio de Janeiro,cabin,Load listing #12959,6,4,13959,RUB
406038,load_owner_12979,Brazil,Rio de Janeiro,studio,Load listing #12979,2,4,13979,RUB
406048,load_owner_12999,Brazil,Rio de Janeiro,cabin,Load listing #12999,4,4,13999,RUB
406058,load_owner_13019,Brazil,Rio de Janeiro,studio,Load listing #13019,6,4,14019,RUB
406068,load_owner_13039,Brazil,Rio de Janeiro,cabin,Load listing #13039,2,4,14039,RUB
406094,load_owner_13099,Brazil,Rio de Janeiro,studio,Load listing #13099,2,4,14099,RUB
406107,load_owner_13119,Brazil,Rio de Janeiro,cabin,Load listing #13119,4,4,14119,RUB
406116,load_owner_13139,Brazil,Rio de Janeiro,studio,Load listing #13139,6,4,14139,RUB
406171,load_owner_13259,Brazil,Rio de Janeiro,studio,Load listing #13259,6,4,14259,RUB
406199,load_owner_13319,Brazil,Rio de Janeiro,cabin,Load listing #13319,6,4,14319,RUB
406208,load_owner_13339,Brazil,Rio de Janeiro,studio,Load listing #13339,2,4,14339,RUB
406220,load_owner_13359,Brazil,Rio de Janeiro,cabin,Load listing #13359,4,4,14470,RUB
406241,load_owner_13399,Brazil,Rio de Janeiro,cabin,Load listing #13399,2,4,14399,RUB
406251,load_owner_13419,Brazil,Rio de Janeiro,studio,Load listing #13419,4,4,14419,RUB
406265,load_owner_13439,Brazil,Rio de Janeiro,cabin,Load listing #13439,6,4,14439,RUB
406278,load_owner_13459,Brazil,Rio de Janeiro,studio,Load listing #13459,2,4,14459,RUB
406290,load_owner_13479,Brazil,Rio de Janeiro,cabin,Load listing #13479,4,4,14590,RUB
406304,load_owner_13519,Brazil,Rio de Janeiro,cabin,Load listing #13519,2,4,14519,RUB
406337,load_owner_13579,Brazil,Rio de Janeiro,studio,Load listing #13579,2,4,14579,RUB
406349,load_owner_13599,Brazil,Rio de Janeiro,cabin,Load listing #13599,4,4,14599,RUB
406358,load_owner_13619,Brazil,Rio de Janeiro,studio,Load listing #13619,6,4,14619,RUB
406367,load_owner_13639,Brazil,Rio de Janeiro,cabin,Load listing #13639,2,4,14639,RUB
406377,load_owner_13659,Brazil,Rio de Janeiro,studio,Load listing #13659,4,4,14659,RUB
406386,load_owner_13679,Brazil,Rio de Janeiro,cabin,Load listing #13679,6,4,14679,RUB
406403,load_owner_13719,Brazil,Rio de Janeiro,cabin,Load listing #13719,4,4,14719,RUB
406407,load_owner_13739,Brazil,Rio de Janeiro,studio,Load listing #13739,6,4,14739,RUB
406417,load_owner_13759,Brazil,Rio de Janeiro,cabin,Load listing #13759,2,4,14759,RUB
406435,load_owner_13799,Brazil,Rio de Janeiro,cabin,Load listing #13799,6,4,14799,RUB
406446,load_owner_13819,Brazil,Rio de Janeiro,studio,Load listing #13819,2,4,14819,RUB
406455,load_owner_13839,Brazil,Rio de Janeiro,cabin,Load listing #13839,4,4,14839,RUB
406465,load_owner_13859,Brazil,Rio de Janeiro,studio,Load listing #13859,6,4,14859,RUB
406486,load_owner_13899,Brazil,Rio de Janeiro,studio,Load listing #13899,4,4,14899,RUB
406498,load_owner_13919,Brazil,Rio de Janeiro,cabin,Load listing #13919,6,4,14919,RUB
406553,load_owner_14019,Brazil,Rio de Janeiro,studio,Load listing #14019,4,4,15019,RUB
406562,load_owner_14039,Brazil,Rio de Janeiro,cabin,Load listing #14039,6,4,15039,RUB
406573,load_owner_14059,Brazil,Rio de Janeiro,studio,Load listing #14059,2,4,15059,RUB
406586,load_owner_14079,Brazil,Rio de Janeiro,cabin,Load listing #14079,4,4,15079,RUB
406603,load_owner_14119,Brazil,Rio de Janeiro,cabin,Load listing #14119,2,4,15119,RUB
406621,load_owner_14159,Brazil,Rio de Janeiro,cabin,Load listing #14159,6,4,15159,RUB
406631,load_owner_14179,Brazil,Rio de Janeiro,studio,Load listing #14179,2,4,15179,RUB
406641,load_owner_14199,Brazil,Rio de Janeiro,cabin,Load listing #14199,4,4,15199,RUB
406647,load_owner_14219,Brazil,Rio de Janeiro,studio,Load listing #14219,6,4,15219,RUB
406661,load_owner_14239,Brazil,Rio de Janeiro,cabin,Load listing #14239,2,4,15239,RUB
406672,load_owner_14259,Brazil,Rio de Janeiro,studio,Load listing #14259,4,4,15259,RUB
406689,load_owner_14279,Brazil,Rio de Janeiro,cabin,Load listing #14279,6,4,15279,RUB
406715,load_owner_14319,Brazil,Rio de Janeiro,cabin,Load listing #14319,4,4,15319,RUB
406764,load_owner_14419,Brazil,Rio de Janeiro,studio,Load listing #14419,2,4,15419,RUB
406777,load_owner_14439,Brazil,Rio de Janeiro,cabin,Load listing #14439,4,4,15439,RUB
406783,load_owner_14459,Brazil,Rio de Janeiro,studio,Load listing #14459,6,4,15459,RUB
406795,load_owner_14479,Brazil,Rio de Janeiro,cabin,Load listing #14479,2,4,15479,RUB
406813,load_owner_14519,Brazil,Rio de Janeiro,cabin,Load listing #14519,6,4,15519,RUB
406836,load_owner_14559,Brazil,Rio de Janeiro,cabin,Load listing #14559,4,4,15559,RUB
406857,load_owner_14599,Brazil,Rio de Janeiro,cabin,Load listing #14599,2,4,15599,RUB
406871,load_owner_14619,Brazil,Rio de Janeiro,studio,Load listing #14619,4,4,15619,RUB
406880,load_owner_14639,Brazil,Rio de Janeiro,cabin,Load listing #14639,6,4,15750,RUB
406908,load_owner_14699,Brazil,Rio de Janeiro,studio,Load listing #14699,6,4,15699,RUB
406923,load_owner_14739,Brazil,Rio de Janeiro,studio,Load listing #14739,4,4,15739,RUB
406946,load_owner_14799,Brazil,Rio de Janeiro,cabin,Load listing #14799,4,4,15799,RUB
406964,load_owner_14839,Brazil,Rio de Janeiro,cabin,Load listing #14839,2,4,15839,RUB
406991,load_owner_14899,Brazil,Rio de Janeiro,studio,Load listing #14899,2,4,15899,RUB
407016,load_owner_14959,Brazil,Rio de Janeiro,cabin,Load listing #14959,2,4,15959,RUB
407059,load_owner_15059,Brazil,Rio de Janeiro,studio,Load listing #15059,6,4,16059,RUB
407068,load_owner_15079,Brazil,Rio de Janeiro,cabin,Load listing #15079,2,4,16079,RUB
407080,load_owner_15099,Brazil,Rio de Janeiro,studio,Load listing #15099,4,4,16210,RUB
407098,load_owner_15139,Brazil,Rio de Janeiro,studio,Load listing #15139,2,4,16139,RUB
407106,load_owner_15159,Brazil,Rio de Janeiro,cabin,Load listing #15159,4,4,16159,RUB
407118,load_owner_15179,Brazil,Rio de Janeiro,studio,Load listing #15179,6,4,16179,RUB
407128,load_owner_15219,Brazil,Rio de Janeiro,studio,Load listing #15219,4,4,16219,RUB
407141,load_owner_15239,Brazil,Rio de Janeiro,cabin,Load listing #15239,6,4,16239,RUB
407150,load_owner_15259,Brazil,Rio de Janeiro,studio,Load listing #15259,2,4,16370,RUB
407162,load_owner_15279,Brazil,Rio de Janeiro,cabin,Load listing #15279,4,4,16279,RUB
407175,load_owner_15299,Brazil,Rio de Janeiro,studio,Load listing #15299,6,4,16299,RUB
407183,load_owner_15319,Brazil,Rio de Janeiro,cabin,Load listing #15319,2,4,16319,RUB
407193,load_owner_15339,Brazil,Rio de Janeiro,studio,Load listing #15339,4,4,16339,RUB
407208,load_owner_15379,Brazil,Rio de Janeiro,studio,Load listing #15379,2,4,16379,RUB
407236,load_owner_15439,Brazil,Rio de Janeiro,cabin,Load listing #15439,2,4,16439,RUB
407245,load_owner_15459,Brazil,Rio de Janeiro,studio,Load listing #15459,4,4,16459,RUB
407256,load_owner_15479,Brazil,Rio de Janeiro,cabin,Load listing #15479,6,4,16479,RUB
407274,load_owner_15519,Brazil,Rio de Janeiro,cabin,Load listing #15519,4,4,16519,RUB
407295,load_owner_15559,Brazil,Rio de Janeiro,cabin,Load listing #15559,2,4,16559,RUB
407336,load_owner_15639,Brazil,Rio de Janeiro,cabin,Load listing #15639,4,4,16639,RUB
407349,load_owner_15659,Brazil,Rio de Janeiro,studio,Load listing #15659,6,4,16659,RUB
407360,load_owner_15679,Brazil,Rio de Janeiro,cabin,Load listing #15679,2,4,16790,RUB
407384,load_owner_15719,Brazil,Rio de Janeiro,cabin,Load listing #15719,6,4,16719,RUB
407409,load_owner_15779,Brazil,Rio de Janeiro,studio,Load listing #15779,6,4,16779,RUB
407419,load_owner_15799,Brazil,Rio de Janeiro,cabin,Load listing #15799,2,4,16799,RUB
407431,load_owner_15819,Brazil,Rio de Janeiro,studio,Load listing #15819,4,4,16819,RUB
407451,load_owner_15859,Brazil,Rio de Janeiro,studio,Load listing #15859,2,4,16859,RUB
407475,load_owner_15899,Brazil,Rio de Janeiro,studio,Load listing #15899,6,4,16899,RUB
407510,load_owner_15959,Brazil,Rio de Janeiro,cabin,Load listing #15959,6,4,17070,RUB
407547,load_owner_16019,Brazil,Rio de Janeiro,studio,Load listing #16019,6,4,17019,RUB
407582,load_owner_16079,Brazil,Rio de Janeiro,cabin,Load listing #16079,6,4,17079,RUB
407613,load_owner_16139,Brazil,Rio de Janeiro,studio,Load listing #16139,6,4,17139,RUB
407636,load_owner_16179,Brazil,Rio de Janeiro,studio,Load listing #16179,4,4,17179,RUB
407647,load_owner_16199,Brazil,Rio de Janeiro,cabin,Load listing #16199,6,4,17199,RUB
407656,load_owner_16219,Brazil,Rio de Janeiro,studio,Load listing #16219,2,4,17219,RUB
407712,load_owner_16339,Brazil,Rio de Janeiro,studio,Load listing #16339,2,4,17339,RUB
407744,load_owner_16399,Brazil,Rio de Janeiro,cabin,Load listing #16399,2,4,17399,RUB
407766,load_owner_16439,Brazil,Rio de Janeiro,cabin,Load listing #16439,6,4,17439,RUB
407776,load_owner_16459,Brazil,Rio de Janeiro,studio,Load listing #16459,2,4,17459,RUB
407789,load_owner_16479,Brazil,Rio de Janeiro,cabin,Load listing #16479,4,4,17479,RUB
407832,load_owner_16559,Brazil,Rio de Janeiro,cabin,Load listing #16559,6,4,17559,RUB
407843,load_owner_16579,Brazil,Rio de Janeiro,studio,Load listing #16579,2,4,17579,RUB
407869,load_owner_16639,Brazil,Rio de Janeiro,cabin,Load listing #16639,2,4,17639,RUB
407897,load_owner_16699,Brazil,Rio de Janeiro,studio,Load listing #16699,2,4,17699,RUB
407906,load_owner_16719,Brazil,Rio de Janeiro,cabin,Load listing #16719,4,4,17719,RUB
407916,load_owner_16739,Brazil,Rio de Janeiro,studio,Load listing #16739,6,4,17739,RUB
407942,load_owner_16799,Brazil,Rio de Janeiro,cabin,Load listing #16799,6,4,17799,RUB
407951,load_owner_16819,Brazil,Rio de Janeiro,studio,Load listing #16819,2,4,17819,RUB
407959,load_owner_16839,Brazil,Rio de Janeiro,cabin,Load listing #16839,4,4,17839,RUB
407986,load_owner_16879,Brazil,Rio de Janeiro,cabin,Load listing #16879,2,4,17879,RUB
407998,load_owner_16899,Brazil,Rio de Janeiro,studio,Load listing #16899,4,4,17899,RUB
408050,load_owner_16999,Brazil,Rio de Janeiro,cabin,Load listing #16999,2,4,18110,RUB
408058,load_owner_17019,Brazil,Rio de Janeiro,studio,Load listing #17019,4,4,18019,RUB
408080,load_owner_17059,Brazil,Rio de Janeiro,studio,Load listing #17059,2,4,18170,RUB
408093,load_owner_17079,Brazil,Rio de Janeiro,cabin,Load listing #17079,4,4,18079,RUB
408103,load_owner_17099,Brazil,Rio de Janeiro,studio,Load listing #17099,6,4,18099,RUB
408115,load_owner_17119,Brazil,Rio de Janeiro,cabin,Load listing #17119,2,4,18119,RUB
408144,load_owner_17179,Brazil,Rio de Janeiro,studio,Load listing #17179,2,4,18179,RUB
408165,load_owner_17219,Brazil,Rio de Janeiro,studio,Load listing #17219,6,4,18219,RUB
408186,load_owner_17259,Brazil,Rio de Janeiro,studio,Load listing #17259,4,4,18259,RUB
408198,load_owner_17279,Brazil,Rio de Janeiro,cabin,Load listing #17279,6,4,18279,RUB
408210,load_owner_17319,Brazil,Rio de Janeiro,cabin,Load listing #17319,4,4,18430,RUB
408217,load_owner_17339,Brazil,Rio de Janeiro,studio,Load listing #17339,6,4,18339,RUB
408230,load_owner_17359,Brazil,Rio de Janeiro,cabin,Load listing #17359,2,4,18470,RUB
408249,load_owner_17399,Brazil,Rio de Janeiro,cabin,Load listing #17399,6,4,18399,RUB
408295,load_owner_17479,Brazil,Rio de Janeiro,cabin,Load listing #17479,2,4,18479,RUB
408334,load_owner_17559,Brazil,Rio de Janeiro,cabin,Load listing #17559,4,4,18559,RUB
408392,load_owner_17679,Brazil,Rio de Janeiro,cabin,Load listing #17679,4,4,18679,RUB
408421,load_owner_17739,Brazil,Rio de Janeiro,studio,Load listing #17739,4,4,18739,RUB
408433,load_owner_17759,Brazil,Rio de Janeiro,cabin,Load listing #17759,6,4,18759,RUB
408473,load_owner_17839,Brazil,Rio de Janeiro,cabin,Load listing #17839,2,4,18839,RUB
408498,load_owner_17879,Brazil,Rio de Janeiro,cabin,Load listing #17879,6,4,18879,RUB
408506,load_owner_17899,Brazil,Rio de Janeiro,studio,Load listing #17899,2,4,18899,RUB
408522,load_owner_17939,Brazil,Rio de Janeiro,studio,Load listing #17939,6,4,18939,RUB
408547,load_owner_17999,Brazil,Rio de Janeiro,cabin,Load listing #17999,6,4,18999,RUB
408569,load_owner_18039,Brazil,Rio de Janeiro,cabin,Load listing #18039,4,4,10039,RUB
408598,load_owner_18099,Brazil,Rio de Janeiro,studio,Load listing #18099,4,4,10099,RUB
408618,load_owner_18139,Brazil,Rio de Janeiro,studio,Load listing #18139,2,4,10139,RUB
408657,load_owner_18219,Brazil,Rio de Janeiro,studio,Load listing #18219,4,4,10219,RUB
408724,load_owner_18359,Brazil,Rio de Janeiro,cabin,Load listing #18359,6,4,10359,RUB
408736,load_owner_18379,Brazil,Rio de Janeiro,studio,Load listing #18379,2,4,10379,RUB
408749,load_owner_18399,Brazil,Rio de Janeiro,cabin,Load listing #18399,4,4,10399,RUB
408779,load_owner_18459,Brazil,Rio de Janeiro,studio,Load listing #18459,4,4,10459,RUB
408799,load_owner_18499,Brazil,Rio de Janeiro,studio,Load listing #18499,2,4,10499,RUB
408817,load_owner_18539,Brazil,Rio de Janeiro,studio,Load listing #18539,6,4,10539,RUB
408868,load_owner_18639,Brazil,Rio de Janeiro,cabin,Load listing #18639,4,4,10639,RUB
408892,load_owner_18679,Brazil,Rio de Janeiro,cabin,Load listing #18679,2,4,10679,RUB
408900,load_owner_18699,Brazil,Rio de Janeiro,studio,Load listing #18699,4,4,10810,RUB
408920,load_owner_18739,Brazil,Rio de Janeiro,studio,Load listing #18739,2,4,10850,RUB
408949,load_owner_18799,Brazil,Rio de Janeiro,cabin,Load listing #18799,2,4,10799,RUB
408958,load_owner_18819,Brazil,Rio de Janeiro,studio,Load listing #18819,4,4,10819,RUB
408991,load_owner_18899,Brazil,Rio de Janeiro,studio,Load listing #18899,6,4,10899,RUB
408999,load_owner_18919,Brazil,Rio de Janeiro,cabin,Load listing #18919,2,4,10919,RUB
409004,load_owner_18939,Brazil,Rio de Janeiro,studio,Load listing #18939,4,4,10939,RUB
409029,load_owner_18999,Brazil,Rio de Janeiro,cabin,Load listing #18999,4,4,10999,RUB
409061,load_owner_19079,Brazil,Rio de Janeiro,cabin,Load listing #19079,6,4,11079,RUB
409071,load_owner_19099,Brazil,Rio de Janeiro,studio,Load listing #19099,2,4,11099,RUB
409094,load_owner_19139,Brazil,Rio de Janeiro,studio,Load listing #19139,6,4,11139,RUB
409107,load_owner_19159,Brazil,Rio de Janeiro,cabin,Load listing #19159,2,4,11159,RUB
409137,load_owner_19219,Brazil,Rio de Janeiro,studio,Load listing #19219,2,4,11219,RUB
409189,load_owner_19319,Brazil,Rio de Janeiro,cabin,Load listing #19319,6,4,11319,RUB
409195,load_owner_19339,Brazil,Rio de Janeiro,studio,Load listing #19339,2,4,11339,RUB
409208,load_owner_19359,Brazil,Rio de Janeiro,cabin,Load listing #19359,4,4,11359,RUB
409221,load_owner_19379,Brazil,Rio de Janeiro,studio,Load listing #19379,6,4,11379,RUB
409261,load_owner_19459,Brazil,Rio de Janeiro,studio,Load listing #19459,2,4,11459,RUB
409284,load_owner_19499,Brazil,Rio de Janeiro,studio,Load listing #19499,6,4,11499,RUB
409307,load_owner_19539,Brazil,Rio de Janeiro,studio,Load listing #19539,4,4,11539,RUB
409328,load_owner_19579,Brazil,Rio de Janeiro,studio,Load listing #19579,2,4,11579,RUB
409337,load_owner_19599,Brazil,Rio de Janeiro,cabin,Load listing #19599,4,4,11599,RUB
409349,load_owner_19619,Brazil,Rio de Janeiro,studio,Load listing #19619,6,4,11619,RUB
409383,load_owner_19699,Brazil,Rio de Janeiro,studio,Load listing #19699,2,4,11699,RUB
409393,load_owner_19719,Brazil,Rio de Janeiro,cabin,Load listing #19719,4,4,11719,RUB
409402,load_owner_19739,Brazil,Rio de Janeiro,studio,Load listing #19739,6,4,11739,RUB
409425,load_owner_19779,Brazil,Rio de Janeiro,studio,Load listing #19779,4,4,11779,RUB
409435,load_owner_19799,Brazil,Rio de Janeiro,cabin,Load listing #19799,6,4,11799,RUB
409443,load_owner_19819,Brazil,Rio de Janeiro,studio,Load listing #19819,2,4,11819,RUB
409462,load_owner_19859,Brazil,Rio de Janeiro,studio,Load listing #19859,6,4,11859,RUB
409470,load_owner_19879,Brazil,Rio de Janeiro,cabin,Load listing #19879,2,4,11990,RUB
409483,load_owner_19899,Brazil,Rio de Janeiro,studio,Load listing #19899,4,4,11899,RUB
409494,load_owner_19919,Brazil,Rio de Janeiro,cabin,Load listing #19919,6,4,11919,RUB
409506,load_owner_19939,Brazil,Rio de Janeiro,studio,Load listing #19939,2,4,11939,RUB
409518,load_owner_19959,Brazil,Rio de Janeiro,cabin,Load listing #19959,4,4,11959,RUB
409530,load_owner_19979,Brazil,Rio de Janeiro,studio,Load listing #19979,6,4,12090,RUB
409543,load_owner_19999,Brazil,Rio de Janeiro,cabin,Load listing #19999,2,4,11999,RUB
409573,load_owner_20059,Brazil,Rio de Janeiro,studio,Load listing #20059,2,4,12059,RUB
409599,load_owner_20099,Brazil,Rio de Janeiro,studio,Load listing #20099,6,4,12099,RUB
409609,load_owner_20119,Brazil,Rio de Janeiro,cabin,Load listing #20119,2,4,12119,RUB
409622,load_owner_20139,Brazil,Rio de Janeiro,studio,Load listing #20139,4,4,12139,RUB
409639,load_owner_20179,Brazil,Rio de Janeiro,studio,Load listing #20179,2,4,12179,RUB
409656,load_owner_20219,Brazil,Rio de Janeiro,studio,Load listing #20219,6,4,12219,RUB
409675,load_owner_20259,Brazil,Rio de Janeiro,studio,Load listing #20259,4,4,12259,RUB
409705,load_owner_20319,Brazil,Rio de Janeiro,cabin,Load listing #20319,4,4,12319,RUB
409722,load_owner_20359,Brazil,Rio de Janeiro,cabin,Load listing #20359,2,4,12359,RUB
409731,load_owner_20379,Brazil,Rio de Janeiro,studio,Load listing #20379,4,4,12379,RUB
409741,load_owner_20399,Brazil,Rio de Janeiro,cabin,Load listing #20399,6,4,12399,RUB
409749,load_owner_20419,Brazil,Rio de Janeiro,studio,Load listing #20419,2,4,12419,RUB
409782,load_owner_20479,Brazil,Rio de Janeiro,cabin,Load listing #20479,2,4,12479,RUB
409791,load_owner_20499,Brazil,Rio de Janeiro,studio,Load listing #20499,4,4,12499,RUB
409815,load_owner_20539,Brazil,Rio de Janeiro,studio,Load listing #20539,2,4,12539,RUB
409830,load_owner_20559,Brazil,Rio de Janeiro,cabin,Load listing #20559,4,4,12670,RUB
409867,load_owner_20639,Brazil,Rio de Janeiro,cabin,Load listing #20639,6,4,12639,RUB
409925,load_owner_20739,Brazil,Rio de Janeiro,studio,Load listing #20739,4,4,12739,RUB
409934,load_owner_20759,Brazil,Rio de Janeiro,cabin,Load listing #20759,6,4,12759,RUB
409954,load_owner_20799,Brazil,Rio de Janeiro,cabin,Load listing #20799,4,4,12799,RUB
409972,load_owner_20839,Brazil,Rio de Janeiro,cabin,Load listing #20839,2,4,12839,RUB
409993,load_owner_20879,Brazil,Rio de Janeiro,cabin,Load listing #20879,6,4,12879,RUB
410011,load_owner_20919,Brazil,Rio de Janeiro,cabin,Load listing #20919,4,4,12919,RUB
410019,load_owner_20939,Brazil,Rio de Janeiro,studio,Load listing #20939,6,4,12939,RUB
410061,load_owner_21019,Brazil,Rio de Janeiro,studio,Load listing #21019,2,4,13019,RUB
410071,load_owner_21039,Brazil,Rio de Janeiro,cabin,Load listing #21039,4,4,13039,RUB
410114,load_owner_21119,Brazil,Rio de Janeiro,cabin,Load listing #21119,6,4,13119,RUB
410134,load_owner_21159,Brazil,Rio de Janeiro,cabin,Load listing #21159,4,4,13159,RUB
410177,load_owner_21239,Brazil,Rio de Janeiro,cabin,Load listing #21239,6,4,13239,RUB
410189,load_owner_21259,Brazil,Rio de Janeiro,studio,Load listing #21259,2,4,13259,RUB
410199,load_owner_21279,Brazil,Rio de Janeiro,cabin,Load listing #21279,4,4,13279,RUB
410264,load_owner_21399,Brazil,Rio de Janeiro,cabin,Load listing #21399,4,4,13399,RUB
410284,load_owner_21439,Brazil,Rio de Janeiro,cabin,Load listing #21439,2,4,13439,RUB
410303,load_owner_21479,Brazil,Rio de Janeiro,cabin,Load listing #21479,6,4,13479,RUB
410320,load_owner_21499,Brazil,Rio de Janeiro,studio,Load listing #21499,2,4,13610,RUB
410330,load_owner_21519,Brazil,Rio de Janeiro,cabin,Load listing #21519,4,4,13630,RUB
410356,load_owner_21579,Brazil,Rio de Janeiro,studio,Load listing #21579,4,4,13579,RUB
410363,load_owner_21599,Brazil,Rio de Janeiro,cabin,Load listing #21599,6,4,13599,RUB
410384,load_owner_21639,Brazil,Rio de Janeiro,cabin,Load listing #21639,4,4,13639,RUB
410416,load_owner_21699,Brazil,Rio de Janeiro,studio,Load listing #21699,4,4,13699,RUB
410425,load_owner_21719,Brazil,Rio de Janeiro,cabin,Load listing #21719,6,4,13719,RUB
410457,load_owner_21779,Brazil,Rio de Janeiro,studio,Load listing #21779,6,4,13779,RUB
410481,load_owner_21839,Brazil,Rio de Janeiro,cabin,Load listing #21839,6,4,13839,RUB
410513,load_owner_21899,Brazil,Rio de Janeiro,studio,Load listing #21899,6,4,13899,RUB
410524,load_owner_21919,Brazil,Rio de Janeiro,cabin,Load listing #21919,2,4,13919,RUB
410562,load_owner_21999,Brazil,Rio de Janeiro,cabin,Load listing #21999,4,4,13999,RUB
410572,load_owner_22019,Brazil,Rio de Janeiro,studio,Load listing #22019,6,4,14019,RUB
410585,load_owner_22039,Brazil,Rio de Janeiro,cabin,Load listing #22039,2,4,14039,RUB
410644,load_owner_22159,Brazil,Rio de Janeiro,cabin,Load listing #22159,2,4,14159,RUB
410668,load_owner_22199,Brazil,Rio de Janeiro,cabin,Load listing #22199,6,4,14199,RUB
410677,load_owner_22219,Brazil,Rio de Janeiro,studio,Load listing #22219,2,4,14219,RUB
410699,load_owner_22259,Brazil,Rio de Janeiro,studio,Load listing #22259,6,4,14259,RUB
410706,load_owner_22279,Brazil,Rio de Janeiro,cabin,Load listing #22279,2,4,14279,RUB
410729,load_owner_22319,Brazil,Rio de Janeiro,cabin,Load listing #22319,6,4,14319,RUB
410761,load_owner_22379,Brazil,Rio de Janeiro,studio,Load listing #22379,6,4,14379,RUB
410772,load_owner_22399,Brazil,Rio de Janeiro,cabin,Load listing #22399,2,4,14399,RUB
410811,load_owner_22479,Brazil,Rio de Janeiro,cabin,Load listing #22479,4,4,14479,RUB
410820,load_owner_22499,Brazil,Rio de Janeiro,studio,Load listing #22499,6,4,14610,RUB
410831,load_owner_22519,Brazil,Rio de Janeiro,cabin,Load listing #22519,2,4,14519,RUB
410856,load_owner_22559,Brazil,Rio de Janeiro,cabin,Load listing #22559,6,4,14559,RUB
410885,load_owner_22619,Brazil,Rio de Janeiro,studio,Load listing #22619,6,4,14619,RUB
410894,load_owner_22639,Brazil,Rio de Janeiro,cabin,Load listing #22639,2,4,14639,RUB
410904,load_owner_22659,Brazil,Rio de Janeiro,studio,Load listing #22659,4,4,14659,RUB
410951,load_owner_22759,Brazil,Rio de Janeiro,cabin,Load listing #22759,2,4,14759,RUB
410970,load_owner_22799,Brazil,Rio de Janeiro,cabin,Load listing #22799,6,4,14910,RUB
410978,load_owner_22819,Brazil,Rio de Janeiro,studio,Load listing #22819,2,4,14819,RUB
410986,load_owner_22839,Brazil,Rio de Janeiro,cabin,Load listing #22839,4,4,14839,RUB
411001,load_owner_22879,Brazil,Rio de Janeiro,cabin,Load listing #22879,2,4,14879,RUB
411010,load_owner_22899,Brazil,Rio de Janeiro,studio,Load listing #22899,4,4,15010,RUB
411021,load_owner_22919,Brazil,Rio de Janeiro,cabin,Load listing #22919,6,4,14919,RUB
411042,load_owner_22959,Brazil,Rio de Janeiro,cabin,Load listing #22959,4,4,14959,RUB
411062,load_owner_22999,Brazil,Rio de Janeiro,cabin,Load listing #22999,2,4,14999,RUB
411069,load_owner_23019,Brazil,Rio de Janeiro,studio,Load listing #23019,4,4,15019,RUB
411078,load_owner_23039,Brazil,Rio de Janeiro,cabin,Load listing #23039,6,4,15039,RUB
411086,load_owner_23059,Brazil,Rio de Janeiro,studio,Load listing #23059,2,4,15059,RUB
411094,load_owner_23079,Brazil,Rio de Janeiro,cabin,Load listing #23079,4,4,15079,RUB
411106,load_owner_23099,Brazil,Rio de Janeiro,studio,Load listing #23099,6,4,15099,RUB
411117,load_owner_23119,Brazil,Rio de Janeiro,cabin,Load listing #23119,2,4,15119,RUB
411126,load_owner_23139,Brazil,Rio de Janeiro,studio,Load listing #23139,4,4,15139,RUB
411138,load_owner_23159,Brazil,Rio de Janeiro,cabin,Load listing #23159,6,4,15159,RUB
411154,load_owner_23199,Brazil,Rio de Janeiro,cabin,Load listing #23199,4,4,15199,RUB
411163,load_owner_23219,Brazil,Rio de Janeiro,studio,Load listing #23219,6,4,15219,RUB
411216,load_owner_23319,Brazil,Rio de Janeiro,cabin,Load listing #23319,4,4,15319,RUB
411234,load_owner_23359,Brazil,Rio de Janeiro,cabin,Load listing #23359,2,4,15359,RUB
411243,load_owner_23379,Brazil,Rio de Janeiro,studio,Load listing #23379,4,4,15379,RUB
411272,load_owner_23439,Brazil,Rio de Janeiro,cabin,Load listing #23439,4,4,15439,RUB
411284,load_owner_23459,Brazil,Rio de Janeiro,studio,Load listing #23459,6,4,15459,RUB
411335,load_owner_23559,Brazil,Rio de Janeiro,cabin,Load listing #23559,4,4,15559,RUB
411342,load_owner_23579,Brazil,Rio de Janeiro,studio,Load listing #23579,6,4,15579,RUB
411359,load_owner_23619,Brazil,Rio de Janeiro,studio,Load listing #23619,4,4,15619,RUB
411422,load_owner_23779,Brazil,Rio de Janeiro,studio,Load listing #23779,2,4,15779,RUB
411430,load_owner_23799,Brazil,Rio de Janeiro,cabin,Load listing #23799,4,4,15910,RUB
411463,load_owner_23879,Brazil,Rio de Janeiro,cabin,Load listing #23879,6,4,15879,RUB
411471,load_owner_23899,Brazil,Rio de Janeiro,studio,Load listing #23899,2,4,15899,RUB
411491,load_owner_23939,Brazil,Rio de Janeiro,studio,Load listing #23939,6,4,15939,RUB
411516,load_owner_23979,Brazil,Rio de Janeiro,studio,Load listing #23979,4,4,15979,RUB
411528,load_owner_23999,Brazil,Rio de Janeiro,cabin,Load listing #23999,6,4,15999,RUB
411536,load_owner_24019,Brazil,Rio de Janeiro,studio,Load listing #24019,2,4,16019,RUB
411550,load_owner_24039,Brazil,Rio de Janeiro,cabin,Load listing #24039,4,4,16150,RUB
411557,load_owner_24059,Brazil,Rio de Janeiro,studio,Load listing #24059,6,4,16059,RUB
411568,load_owner_24079,Brazil,Rio de Janeiro,cabin,Load listing #24079,2,4,16079,RUB
411579,load_owner_24099,Brazil,Rio de Janeiro,studio,Load listing #24099,4,4,16099,RUB
411590,load_owner_24119,Brazil,Rio de Janeiro,cabin,Load listing #24119,6,4,16230,RUB
411601,load_owner_24139,Brazil,Rio de Janeiro,studio,Load listing #24139,2,4,16139,RUB
411639,load_owner_24219,Brazil,Rio de Janeiro,studio,Load listing #24219,4,4,16219,RUB
411650,load_owner_24239,Brazil,Rio de Janeiro,cabin,Load listing #24239,6,4,16350,RUB
411660,load_owner_24259,Brazil,Rio de Janeiro,studio,Load listing #24259,2,4,16370,RUB
411667,load_owner_24279,Brazil,Rio de Janeiro,cabin,Load listing #24279,4,4,16279,RUB
411681,load_owner_24299,Brazil,Rio de Janeiro,studio,Load listing #24299,6,4,16299,RUB
411695,load_owner_24319,Brazil,Rio de Janeiro,cabin,Load listing #24319,2,4,16319,RUB
411704,load_owner_24339,Brazil,Rio de Janeiro,studio,Load listing #24339,4,4,16339,RUB
411711,load_owner_24359,Brazil,Rio de Janeiro,cabin,Load listing #24359,6,4,16359,RUB
411733,load_owner_24399,Brazil,Rio de Janeiro,cabin,Load listing #24399,4,4,16399,RUB
411743,load_owner_24419,Brazil,Rio de Janeiro,studio,Load listing #24419,6,4,16419,RUB
411757,load_owner_24439,Brazil,Rio de Janeiro,cabin,Load listing #24439,2,4,16439,RUB
411766,load_owner_24459,Brazil,Rio de Janeiro,studio,Load listing #24459,4,4,16459,RUB
411778,load_owner_24479,Brazil,Rio de Janeiro,cabin,Load listing #24479,6,4,16479,RUB
411789,load_owner_24499,Brazil,Rio de Janeiro,studio,Load listing #24499,2,4,16499,RUB
411806,load_owner_24519,Brazil,Rio de Janeiro,cabin,Load listing #24519,4,4,16519,RUB
411818,load_owner_24539,Brazil,Rio de Janeiro,studio,Load listing #24539,6,4,16539,RUB
411837,load_owner_24579,Brazil,Rio de Janeiro,studio,Load listing #24579,4,4,16579,RUB
411857,load_owner_24619,Brazil,Rio de Janeiro,studio,Load listing #24619,2,4,16619,RUB
411863,load_owner_24639,Brazil,Rio de Janeiro,cabin,Load listing #24639,4,4,16639,RUB
411892,load_owner_24699,Brazil,Rio de Janeiro,studio,Load listing #24699,4,4,16699,RUB
411931,load_owner_24779,Brazil,Rio de Janeiro,studio,Load listing #24779,6,4,16779,RUB
411942,load_owner_24799,Brazil,Rio de Janeiro,cabin,Load listing #24799,2,4,16799,RUB
411968,load_owner_24839,Brazil,Rio de Janeiro,cabin,Load listing #24839,6,4,16839,RUB
412024,load_owner_24959,Brazil,Rio de Janeiro,cabin,Load listing #24959,6,4,16959,RUB
412070,load_owner_25039,Brazil,Rio de Janeiro,cabin,Load listing #25039,2,4,17150,RUB
412081,load_owner_25059,Brazil,Rio de Janeiro,studio,Load listing #25059,4,4,17059,RUB
412091,load_owner_25079,Brazil,Rio de Janeiro,cabin,Load listing #25079,6,4,17079,RUB
412103,load_owner_25099,Brazil,Rio de Janeiro,studio,Load listing #25099,2,4,17099,RUB
412112,load_owner_25119,Brazil,Rio de Janeiro,cabin,Load listing #25119,4,4,17119,RUB
412126,load_owner_25139,Brazil,Rio de Janeiro,studio,Load listing #25139,6,4,17139,RUB
412135,load_owner_25159,Brazil,Rio de Janeiro,cabin,Load listing #25159,2,4,17159,RUB
412146,load_owner_25179,Brazil,Rio de Janeiro,studio,Load listing #25179,4,4,17179,RUB
412190,load_owner_25259,Brazil,Rio de Janeiro,studio,Load listing #25259,6,4,17370,RUB
412201,load_owner_25279,Brazil,Rio de Janeiro,cabin,Load listing #25279,2,4,17279,RUB
412216,load_owner_25299,Brazil,Rio de Janeiro,studio,Load listing #25299,4,4,17299,RUB
412254,load_owner_25379,Brazil,Rio de Janeiro,studio,Load listing #25379,6,4,17379,RUB
412274,load_owner_25419,Brazil,Rio de Janeiro,studio,Load listing #25419,4,4,17419,RUB
412285,load_owner_25439,Brazil,Rio de Janeiro,cabin,Load listing #25439,6,4,17439,RUB
412294,load_owner_25459,Brazil,Rio de Janeiro,studio,Load listing #25459,2,4,17459,RUB
412302,load_owner_25479,Brazil,Rio de Janeiro,cabin,Load listing #25479,4,4,17479,RUB
412315,load_owner_25499,Brazil,Rio de Janeiro,studio,Load listing #25499,6,4,17499,RUB
412326,load_owner_25519,Brazil,Rio de Janeiro,cabin,Load listing #25519,2,4,17519,RUB
412338,load_owner_25539,Brazil,Rio de Janeiro,studio,Load listing #25539,4,4,17539,RUB
412375,load_owner_25619,Brazil,Rio de Janeiro,studio,Load listing #25619,6,4,17619,RUB
412423,load_owner_25719,Brazil,Rio de Janeiro,cabin,Load listing #25719,4,4,17719,RUB
412438,load_owner_25759,Brazil,Rio de Janeiro,cabin,Load listing #25759,2,4,17759,RUB
412462,load_owner_25799,Brazil,Rio de Janeiro,cabin,Load listing #25799,6,4,17799,RUB
412474,load_owner_25819,Brazil,Rio de Janeiro,studio,Load listing #25819,2,4,17819,RUB
412519,load_owner_25919,Brazil,Rio de Janeiro,cabin,Load listing #25919,6,4,17919,RUB
412530,load_owner_25939,Brazil,Rio de Janeiro,studio,Load listing #25939,2,4,18050,RUB
412541,load_owner_25959,Brazil,Rio de Janeiro,cabin,Load listing #25959,4,4,17959,RUB
412568,load_owner_26019,Brazil,Rio de Janeiro,studio,Load listing #26019,4,4,18019,RUB
412622,load_owner_26139,Brazil,Rio de Janeiro,studio,Load listing #26139,4,4,18139,RUB
412636,load_owner_26159,Brazil,Rio de Janeiro,cabin,Load listing #26159,6,4,18159,RUB
412668,load_owner_26219,Brazil,Rio de Janeiro,studio,Load listing #26219,6,4,18219,RUB
412674,load_owner_26239,Brazil,Rio de Janeiro,cabin,Load listing #26239,2,4,18239,RUB
412687,load_owner_26259,Brazil,Rio de Janeiro,studio,Load listing #26259,4,4,18259,RUB
412715,load_owner_26319,Brazil,Rio de Janeiro,cabin,Load listing #26319,4,4,18319,RUB
412732,load_owner_26359,Brazil,Rio de Janeiro,cabin,Load listing #26359,2,4,18359,RUB
412739,load_owner_26379,Brazil,Rio de Janeiro,studio,Load listing #26379,4,4,18379,RUB
412773,load_owner_26439,Brazil,Rio de Janeiro,cabin,Load listing #26439,4,4,18439,RUB
412791,load_owner_26479,Brazil,Rio de Janeiro,cabin,Load listing #26479,2,4,18479,RUB
412813,load_owner_26519,Brazil,Rio de Janeiro,cabin,Load listing #26519,6,4,18519,RUB
412826,load_owner_26539,Brazil,Rio de Janeiro,studio,Load listing #26539,2,4,18539,RUB
412835,load_owner_26559,Brazil,Rio de Janeiro,cabin,Load listing #26559,4,4,18559,RUB
412860,load_owner_26599,Brazil,Rio de Janeiro,cabin,Load listing #26599,2,4,18710,RUB
412878,load_owner_26639,Brazil,Rio de Janeiro,cabin,Load listing #26639,6,4,18639,RUB
412891,load_owner_26659,Brazil,Rio de Janeiro,studio,Load listing #26659,2,4,18659,RUB
412933,load_owner_26759,Brazil,Rio de Janeiro,cabin,Load listing #26759,6,4,18759,RUB
412981,load_owner_26839,Brazil,Rio de Janeiro,cabin,Load listing #26839,2,4,18839,RUB
413013,load_owner_26899,Brazil,Rio de Janeiro,studio,Load listing #26899,2,4,18899,RUB
413033,load_owner_26939,Brazil,Rio de Janeiro,studio,Load listing #26939,6,4,18939,RUB
413045,load_owner_26959,Brazil,Rio de Janeiro,cabin,Load listing #26959,2,4,18959,RUB
413072,load_owner_27019,Brazil,Rio de Janeiro,studio,Load listing #27019,2,4,10019,RUB
413093,load_owner_27059,Brazil,Rio de Janeiro,studio,Load listing #27059,6,4,10059,RUB
413105,load_owner_27079,Brazil,Rio de Janeiro,cabin,Load listing #27079,2,4,10079,RUB
413119,load_owner_27099,Brazil,Rio de Janeiro,studio,Load listing #27099,4,4,10099,RUB
413148,load_owner_27159,Brazil,Rio de Janeiro,cabin,Load listing #27159,4,4,10159,RUB
413160,load_owner_27179,Brazil,Rio de Janeiro,studio,Load listing #27179,6,4,10290,RUB
413189,load_owner_27239,Brazil,Rio de Janeiro,cabin,Load listing #27239,6,4,10239,RUB
413214,load_owner_27299,Brazil,Rio de Janeiro,studio,Load listing #27299,6,4,10299,RUB
413229,load_owner_27339,Brazil,Rio de Janeiro,studio,Load listing #27339,4,4,10339,RUB
413241,load_owner_27359,Brazil,Rio de Janeiro,cabin,Load listing #27359,6,4,10359,RUB
413253,load_owner_27379,Brazil,Rio de Janeiro,studio,Load listing #27379,2,4,10379,RUB
413262,load_owner_27399,Brazil,Rio de Janeiro,cabin,Load listing #27399,4,4,10399,RUB
413305,load_owner_27499,Brazil,Rio de Janeiro,studio,Load listing #27499,2,4,10499,RUB
413342,load_owner_27559,Brazil,Rio de Janeiro,cabin,Load listing #27559,2,4,10559,RUB
413362,load_owner_27599,Brazil,Rio de Janeiro,cabin,Load listing #27599,6,4,10599,RUB
413382,load_owner_27639,Brazil,Rio de Janeiro,cabin,Load listing #27639,4,4,10639,RUB
413393,load_owner_27659,Brazil,Rio de Janeiro,studio,Load listing #27659,6,4,10659,RUB
413407,load_owner_27679,Brazil,Rio de Janeiro,cabin,Load listing #27679,2,4,10679,RUB
413415,load_owner_27699,Brazil,Rio de Janeiro,studio,Load listing #27699,4,4,10699,RUB
413424,load_owner_27719,Brazil,Rio de Janeiro,cabin,Load listing #27719,6,4,10719,RUB
413437,load_owner_27739,Brazil,Rio de Janeiro,studio,Load listing #27739,2,4,10739,RUB
413473,load_owner_27819,Brazil,Rio de Janeiro,studio,Load listing #27819,4,4,10819,RUB
413485,load_owner_27839,Brazil,Rio de Janeiro,cabin,Load listing #27839,6,4,10839,RUB
413500,load_owner_27859,Brazil,Rio de Janeiro,studio,Load listing #27859,2,4,10970,RUB
413521,load_owner_27899,Brazil,Rio de Janeiro,studio,Load listing #27899,6,4,10899,RUB
413531,load_owner_27919,Brazil,Rio de Janeiro,cabin,Load listing #27919,2,4,10919,RUB
413553,load_owner_27959,Brazil,Rio de Janeiro,cabin,Load listing #27959,6,4,10959,RUB
413573,load_owner_27999,Brazil,Rio de Janeiro,cabin,Load listing #27999,4,4,10999,RUB
413585,load_owner_28019,Brazil,Rio de Janeiro,studio,Load listing #28019,6,4,11019,RUB
413597,load_owner_28039,Brazil,Rio de Janeiro,cabin,Load listing #28039,2,4,11039,RUB
413618,load_owner_28079,Brazil,Rio de Janeiro,cabin,Load listing #28079,6,4,11079,RUB
413642,load_owner_28119,Brazil,Rio de Janeiro,cabin,Load listing #28119,4,4,11119,RUB
413652,load_owner_28139,Brazil,Rio de Janeiro,studio,Load listing #28139,6,4,11139,RUB
413661,load_owner_28159,Brazil,Rio de Janeiro,cabin,Load listing #28159,2,4,11159,RUB
413671,load_owner_28179,Brazil,Rio de Janeiro,studio,Load listing #28179,4,4,11179,RUB
413682,load_owner_28199,Brazil,Rio de Janeiro,cabin,Load listing #28199,6,4,11199,RUB
413695,load_owner_28219,Brazil,Rio de Janeiro,studio,Load listing #28219,2,4,11219,RUB
413733,load_owner_28299,Brazil,Rio de Janeiro,studio,Load listing #28299,4,4,11299,RUB
413768,load_owner_28359,Brazil,Rio de Janeiro,cabin,Load listing #28359,4,4,11359,RUB
413786,load_owner_28399,Brazil,Rio de Janeiro,cabin,Load listing #28399,2,4,11399,RUB
413852,load_owner_28539,Brazil,Rio de Janeiro,studio,Load listing #28539,4,4,11539,RUB
413872,load_owner_28579,Brazil,Rio de Janeiro,studio,Load listing #28579,2,4,11579,RUB
413905,load_owner_28639,Brazil,Rio de Janeiro,cabin,Load listing #28639,2,4,11639,RUB
413925,load_owner_28679,Brazil,Rio de Janeiro,cabin,Load listing #28679,6,4,11679,RUB
413936,load_owner_28699,Brazil,Rio de Janeiro,studio,Load listing #28699,2,4,11699,RUB
413953,load_owner_28739,Brazil,Rio de Janeiro,studio,Load listing #28739,6,4,11739,RUB
413964,load_owner_28759,Brazil,Rio de Janeiro,cabin,Load listing #28759,2,4,11759,RUB
413989,load_owner_28819,Brazil,Rio de Janeiro,studio,Load listing #28819,2,4,11819,RUB
414028,load_owner_28919,Brazil,Rio de Janeiro,cabin,Load listing #28919,6,4,11919,RUB
414045,load_owner_28939,Brazil,Rio de Janeiro,studio,Load listing #28939,2,4,11939,RUB
414070,load_owner_28979,Brazil,Rio de Janeiro,studio,Load listing #28979,6,4,12090,RUB
414118,load_owner_29079,Brazil,Rio de Janeiro,cabin,Load listing #29079,4,4,12079,RUB
414131,load_owner_29099,Brazil,Rio de Janeiro,studio,Load listing #29099,6,4,12099,RUB
414160,load_owner_29159,Brazil,Rio de Janeiro,cabin,Load listing #29159,6,4,12270,RUB
414173,load_owner_29179,Brazil,Rio de Janeiro,studio,Load listing #29179,2,4,12179,RUB
414185,load_owner_29199,Brazil,Rio de Janeiro,cabin,Load listing #29199,4,4,12199,RUB
414197,load_owner_29219,Brazil,Rio de Janeiro,studio,Load listing #29219,6,4,12219,RUB
414209,load_owner_29239,Brazil,Rio de Janeiro,cabin,Load listing #29239,2,4,12239,RUB
414231,load_owner_29279,Brazil,Rio de Janeiro,cabin,Load listing #29279,6,4,12279,RUB
414241,load_owner_29299,Brazil,Rio de Janeiro,studio,Load listing #29299,2,4,12299,RUB
414274,load_owner_29379,Brazil,Rio de Janeiro,studio,Load listing #29379,4,4,12379,RUB
414294,load_owner_29419,Brazil,Rio de Janeiro,studio,Load listing #29419,2,4,12419,RUB
414307,load_owner_29459,Brazil,Rio de Janeiro,studio,Load listing #29459,6,4,12459,RUB
414352,load_owner_29559,Brazil,Rio de Janeiro,cabin,Load listing #29559,4,4,12559,RUB
414376,load_owner_29619,Brazil,Rio de Janeiro,studio,Load listing #29619,4,4,12619,RUB
414387,load_owner_29639,Brazil,Rio de Janeiro,cabin,Load listing #29639,6,4,12639,RUB
414400,load_owner_29659,Brazil,Rio de Janeiro,studio,Load listing #29659,2,4,12770,RUB
414477,load_owner_29839,Brazil,Rio de Janeiro,cabin,Load listing #29839,2,4,12839,RUB
414494,load_owner_29879,Brazil,Rio de Janeiro,cabin,Load listing #29879,6,4,12879,RUB
414520,load_owner_29919,Brazil,Rio de Janeiro,cabin,Load listing #29919,4,4,13030,RUB
414531,load_owner_29939,Brazil,Rio de Janeiro,studio,Load listing #29939,6,4,12939,RUB
414578,load_owner_30019,Brazil,Rio de Janeiro,studio,Load listing #30019,2,4,13019,RUB
414601,load_owner_30079,Brazil,Rio de Janeiro,cabin,Load listing #30079,2,4,13079,RUB
414613,load_owner_30099,Brazil,Rio de Janeiro,studio,Load listing #30099,4,4,13099,RUB
414623,load_owner_30119,Brazil,Rio de Janeiro,cabin,Load listing #30119,6,4,13119,RUB
414641,load_owner_30159,Brazil,Rio de Janeiro,cabin,Load listing #30159,4,4,13159,RUB
414652,load_owner_30179,Brazil,Rio de Janeiro,studio,Load listing #30179,6,4,13179,RUB
414662,load_owner_30199,Brazil,Rio de Janeiro,cabin,Load listing #30199,2,4,13199,RUB
414677,load_owner_30219,Brazil,Rio de Janeiro,studio,Load listing #30219,4,4,13219,RUB
414686,load_owner_30239,Brazil,Rio de Janeiro,cabin,Load listing #30239,6,4,13239,RUB
414696,load_owner_30259,Brazil,Rio de Janeiro,studio,Load listing #30259,2,4,13259,RUB
414705,load_owner_30279,Brazil,Rio de Janeiro,cabin,Load listing #30279,4,4,13279,RUB
414755,load_owner_30379,Brazil,Rio de Janeiro,studio,Load listing #30379,2,4,13379,RUB
414765,load_owner_30399,Brazil,Rio de Janeiro,cabin,Load listing #30399,4,4,13399,RUB
414795,load_owner_30459,Brazil,Rio de Janeiro,studio,Load listing #30459,4,4,13459,RUB
414810,load_owner_30479,Brazil,Rio de Janeiro,cabin,Load listing #30479,6,4,13590,RUB
414851,load_owner_30559,Brazil,Rio de Janeiro,cabin,Load listing #30559,2,4,13559,RUB
414883,load_owner_30619,Brazil,Rio de Janeiro,studio,Load listing #30619,2,4,13619,RUB
414905,load_owner_30659,Brazil,Rio de Janeiro,studio,Load listing #30659,6,4,13659,RUB
414922,load_owner_30699,Brazil,Rio de Janeiro,studio,Load listing #30699,4,4,13699,RUB
414938,load_owner_30719,Brazil,Rio de Janeiro,cabin,Load listing #30719,6,4,13719,RUB
414960,load_owner_30759,Brazil,Rio de Janeiro,cabin,Load listing #30759,4,4,13870,RUB
414986,load_owner_30799,Brazil,Rio de Janeiro,cabin,Load listing #30799,2,4,13799,RUB
415021,load_owner_30859,Brazil,Rio de Janeiro,studio,Load listing #30859,2,4,13859,RUB
415046,load_owner_30899,Brazil,Rio de Janeiro,studio,Load listing #30899,6,4,13899,RUB
415054,load_owner_30919,Brazil,Rio de Janeiro,cabin,Load listing #30919,2,4,13919,RUB
415063,load_owner_30939,Brazil,Rio de Janeiro,studio,Load listing #30939,4,4,13939,RUB
415069,load_owner_30959,Brazil,Rio de Janeiro,cabin,Load listing #30959,6,4,13959,RUB
415110,load_owner_31039,Brazil,Rio de Janeiro,cabin,Load listing #31039,2,4,14150,RUB
415137,load_owner_31099,Brazil,Rio de Janeiro,studio,Load listing #31099,2,4,14099,RUB
415153,load_owner_31139,Brazil,Rio de Janeiro,studio,Load listing #31139,6,4,14139,RUB
415197,load_owner_31219,Brazil,Rio de Janeiro,studio,Load listing #31219,2,4,14219,RUB
415213,load_owner_31239,Brazil,Rio de Janeiro,cabin,Load listing #31239,4,4,14239,RUB
415241,load_owner_31299,Brazil,Rio de Janeiro,studio,Load listing #31299,4,4,14299,RUB
415261,load_owner_31339,Brazil,Rio de Janeiro,studio,Load listing #31339,2,4,14339,RUB
415280,load_owner_31379,Brazil,Rio de Janeiro,studio,Load listing #31379,6,4,14490,RUB
415300,load_owner_31419,Brazil,Rio de Janeiro,studio,Load listing #31419,4,4,14530,RUB
415338,load_owner_31499,Brazil,Rio de Janeiro,studio,Load listing #31499,6,4,14499,RUB
415350,load_owner_31519,Brazil,Rio de Janeiro,cabin,Load listing #31519,2,4,14630,RUB
415368,load_owner_31559,Brazil,Rio de Janeiro,cabin,Load listing #31559,6,4,14559,RUB
415388,load_owner_31599,Brazil,Rio de Janeiro,cabin,Load listing #31599,4,4,14599,RUB
415403,load_owner_31639,Brazil,Rio de Janeiro,cabin,Load listing #31639,2,4,14639,RUB
415414,load_owner_31659,Brazil,Rio de Janeiro,studio,Load listing #31659,4,4,14659,RUB
415422,load_owner_31679,Brazil,Rio de Janeiro,cabin,Load listing #31679,6,4,14679,RUB
415430,load_owner_31699,Brazil,Rio de Janeiro,studio,Load listing #31699,2,4,14810,RUB
415437,load_owner_31719,Brazil,Rio de Janeiro,cabin,Load listing #31719,4,4,14719,RUB
415446,load_owner_31739,Brazil,Rio de Janeiro,studio,Load listing #31739,6,4,14739,RUB
415483,load_owner_31819,Brazil,Rio de Janeiro,studio,Load listing #31819,2,4,14819,RUB
415504,load_owner_31859,Brazil,Rio de Janeiro,studio,Load listing #31859,6,4,14859,RUB
415530,load_owner_31919,Brazil,Rio de Janeiro,cabin,Load listing #31919,6,4,15030,RUB
415542,load_owner_31959,Brazil,Rio de Janeiro,cabin,Load listing #31959,4,4,14959,RUB
415560,load_owner_31999,Brazil,Rio de Janeiro,cabin,Load listing #31999,2,4,15110,RUB
415572,load_owner_32019,Brazil,Rio de Janeiro,studio,Load listing #32019,4,4,15019,RUB
415582,load_owner_32039,Brazil,Rio de Janeiro,cabin,Load listing #32039,6,4,15039,RUB
415592,load_owner_32059,Brazil,Rio de Janeiro,studio,Load listing #32059,2,4,15059,RUB
415619,load_owner_32119,Brazil,Rio de Janeiro,cabin,Load listing #32119,2,4,15119,RUB
415628,load_owner_32139,Brazil,Rio de Janeiro,studio,Load listing #32139,4,4,15139,RUB
415656,load_owner_32199,Brazil,Rio de Janeiro,cabin,Load listing #32199,4,4,15199,RUB
415665,load_owner_32219,Brazil,Rio de Janeiro,studio,Load listing #32219,6,4,15219,RUB
415673,load_owner_32239,Brazil,Rio de Janeiro,cabin,Load listing #32239,2,4,15239,RUB
415683,load_owner_32259,Brazil,Rio de Janeiro,studio,Load listing #32259,4,4,15259,RUB
415692,load_owner_32279,Brazil,Rio de Janeiro,cabin,Load listing #32279,6,4,15279,RUB
415722,load_owner_32339,Brazil,Rio de Janeiro,studio,Load listing #32339,6,4,15339,RUB
415736,load_owner_32359,Brazil,Rio de Janeiro,cabin,Load listing #32359,2,4,15359,RUB
415801,load_owner_32479,Brazil,Rio de Janeiro,cabin,Load listing #32479,2,4,15479,RUB
415810,load_owner_32499,Brazil,Rio de Janeiro,studio,Load listing #32499,4,4,15610,RUB
415819,load_owner_32519,Brazil,Rio de Janeiro,cabin,Load listing #32519,6,4,15519,RUB
415859,load_owner_32599,Brazil,Rio de Janeiro,cabin,Load listing #32599,2,4,15599,RUB
415928,load_owner_32739,Brazil,Rio de Janeiro,studio,Load listing #32739,4,4,15739,RUB
415938,load_owner_32759,Brazil,Rio de Janeiro,cabin,Load listing #32759,6,4,15759,RUB
415959,load_owner_32799,Brazil,Rio de Janeiro,cabin,Load listing #32799,4,4,15799,RUB
415990,load_owner_32859,Brazil,Rio de Janeiro,studio,Load listing #32859,4,4,15970,RUB
416003,load_owner_32879,Brazil,Rio de Janeiro,cabin,Load listing #32879,6,4,15879,RUB
416017,load_owner_32899,Brazil,Rio de Janeiro,studio,Load listing #32899,2,4,15899,RUB
416029,load_owner_32919,Brazil,Rio de Janeiro,cabin,Load listing #32919,4,4,15919,RUB
416049,load_owner_32959,Brazil,Rio de Janeiro,cabin,Load listing #32959,2,4,15959,RUB
416069,load_owner_32999,Brazil,Rio de Janeiro,cabin,Load listing #32999,6,4,15999,RUB
416079,load_owner_33019,Brazil,Rio de Janeiro,studio,Load listing #33019,2,4,16019,RUB
416108,load_owner_33079,Brazil,Rio de Janeiro,cabin,Load listing #33079,2,4,16079,RUB
416118,load_owner_33099,Brazil,Rio de Janeiro,studio,Load listing #33099,4,4,16099,RUB
416128,load_owner_33119,Brazil,Rio de Janeiro,cabin,Load listing #33119,6,4,16119,RUB
416145,load_owner_33159,Brazil,Rio de Janeiro,cabin,Load listing #33159,4,4,16159,RUB
416163,load_owner_33199,Brazil,Rio de Janeiro,cabin,Load listing #33199,2,4,16199,RUB
416176,load_owner_33219,Brazil,Rio de Janeiro,studio,Load listing #33219,4,4,16219,RUB
416198,load_owner_33259,Brazil,Rio de Janeiro,studio,Load listing #33259,2,4,16259,RUB
416223,load_owner_33299,Brazil,Rio de Janeiro,studio,Load listing #33299,6,4,16299,RUB
416281,load_owner_33399,Brazil,Rio de Janeiro,cabin,Load listing #33399,4,4,16399,RUB
416298,load_owner_33439,Brazil,Rio de Janeiro,cabin,Load listing #33439,2,4,16439,RUB
416344,load_owner_33539,Brazil,Rio de Janeiro,studio,Load listing #33539,6,4,16539,RUB
416376,load_owner_33599,Brazil,Rio de Janeiro,cabin,Load listing #33599,6,4,16599,RUB
416387,load_owner_33619,Brazil,Rio de Janeiro,studio,Load listing #33619,2,4,16619,RUB
416397,load_owner_33639,Brazil,Rio de Janeiro,cabin,Load listing #33639,4,4,16639,RUB
416411,load_owner_33679,Brazil,Rio de Janeiro,cabin,Load listing #33679,2,4,16679,RUB
416421,load_owner_33699,Brazil,Rio de Janeiro,studio,Load listing #33699,4,4,16699,RUB
416431,load_owner_33719,Brazil,Rio de Janeiro,cabin,Load listing #33719,6,4,16719,RUB
416439,load_owner_33739,Brazil,Rio de Janeiro,studio,Load listing #33739,2,4,16739,RUB
416456,load_owner_33779,Brazil,Rio de Janeiro,studio,Load listing #33779,6,4,16779,RUB
416544,load_owner_33959,Brazil,Rio de Janeiro,cabin,Load listing #33959,6,4,16959,RUB
416570,load_owner_34019,Brazil,Rio de Janeiro,studio,Load listing #34019,6,4,17130,RUB
416591,load_owner_34059,Brazil,Rio de Janeiro,studio,Load listing #34059,4,4,17059,RUB
416605,load_owner_34079,Brazil,Rio de Janeiro,cabin,Load listing #34079,6,4,17079,RUB
416614,load_owner_34099,Brazil,Rio de Janeiro,studio,Load listing #34099,2,4,17099,RUB
416645,load_owner_34179,Brazil,Rio de Janeiro,studio,Load listing #34179,4,4,17179,RUB
416658,load_owner_34199,Brazil,Rio de Janeiro,cabin,Load listing #34199,6,4,17199,RUB
416730,load_owner_34339,Brazil,Rio de Janeiro,studio,Load listing #34339,2,4,17450,RUB
416748,load_owner_34379,Brazil,Rio de Janeiro,studio,Load listing #34379,6,4,17379,RUB
416771,load_owner_34419,Brazil,Rio de Janeiro,studio,Load listing #34419,4,4,17419,RUB
416788,load_owner_34459,Brazil,Rio de Janeiro,studio,Load listing #34459,2,4,17459,RUB
416798,load_owner_34479,Brazil,Rio de Janeiro,cabin,Load listing #34479,4,4,17479,RUB
416810,load_owner_34499,Brazil,Rio de Janeiro,studio,Load listing #34499,6,4,17610,RUB
416829,load_owner_34539,Brazil,Rio de Janeiro,studio,Load listing #34539,4,4,17539,RUB
416850,load_owner_34579,Brazil,Rio de Janeiro,studio,Load listing #34579,2,4,17690,RUB
416870,load_owner_34619,Brazil,Rio de Janeiro,studio,Load listing #34619,6,4,17730,RUB
416889,load_owner_34659,Brazil,Rio de Janeiro,studio,Load listing #34659,4,4,17659,RUB
416982,load_owner_34839,Brazil,Rio de Janeiro,cabin,Load listing #34839,4,4,17839,RUB
416991,load_owner_34859,Brazil,Rio de Janeiro,studio,Load listing #34859,6,4,17859,RUB
417023,load_owner_34919,Brazil,Rio de Janeiro,cabin,Load listing #34919,6,4,17919,RUB
417080,load_owner_35059,Brazil,Rio de Janeiro,studio,Load listing #35059,2,4,18170,RUB
417087,load_owner_35079,Brazil,Rio de Janeiro,cabin,Load listing #35079,4,4,18079,RUB
417128,load_owner_35159,Brazil,Rio de Janeiro,cabin,Load listing #35159,6,4,18159,RUB
417139,load_owner_35179,Brazil,Rio de Janeiro,studio,Load listing #35179,2,4,18179,RUB
417150,load_owner_35199,Brazil,Rio de Janeiro,cabin,Load listing #35199,4,4,18310,RUB
417163,load_owner_35219,Brazil,Rio de Janeiro,studio,Load listing #35219,6,4,18219,RUB
417192,load_owner_35279,Brazil,Rio de Janeiro,cabin,Load listing #35279,6,4,18279,RUB
417202,load_owner_35299,Brazil,Rio de Janeiro,studio,Load listing #35299,2,4,18299,RUB
417228,load_owner_35339,Brazil,Rio de Janeiro,studio,Load listing #35339,6,4,18339,RUB
417240,load_owner_35359,Brazil,Rio de Janeiro,cabin,Load listing #35359,2,4,18470,RUB
417247,load_owner_35379,Brazil,Rio de Janeiro,studio,Load listing #35379,4,4,18379,RUB
417259,load_owner_35399,Brazil,Rio de Janeiro,cabin,Load listing #35399,6,4,18399,RUB
417275,load_owner_35439,Brazil,Rio de Janeiro,cabin,Load listing #35439,4,4,18439,RUB
417286,load_owner_35459,Brazil,Rio de Janeiro,studio,Load listing #35459,6,4,18459,RUB
417313,load_owner_35519,Brazil,Rio de Janeiro,cabin,Load listing #35519,6,4,18519,RUB
417367,load_owner_35619,Brazil,Rio de Janeiro,studio,Load listing #35619,4,4,18619,RUB
417377,load_owner_35639,Brazil,Rio de Janeiro,cabin,Load listing #35639,6,4,18639,RUB
417389,load_owner_35659,Brazil,Rio de Janeiro,studio,Load listing #35659,2,4,18659,RUB
417428,load_owner_35739,Brazil,Rio de Janeiro,studio,Load listing #35739,4,4,18739,RUB
417457,load_owner_35799,Brazil,Rio de Janeiro,cabin,Load listing #35799,4,4,18799,RUB
417479,load_owner_35859,Brazil,Rio de Janeiro,studio,Load listing #35859,4,4,18859,RUB
417496,load_owner_35899,Brazil,Rio de Janeiro,studio,Load listing #35899,2,4,18899,RUB
417505,load_owner_35919,Brazil,Rio de Janeiro,cabin,Load listing #35919,4,4,18919,RUB
417513,load_owner_35939,Brazil,Rio de Janeiro,studio,Load listing #35939,6,4,18939,RUB
417549,load_owner_36019,Brazil,Rio de Janeiro,studio,Load listing #36019,2,4,10019,RUB
417571,load_owner_36059,Brazil,Rio de Janeiro,studio,Load listing #36059,6,4,10059,RUB
417587,load_owner_36079,Brazil,Rio de Janeiro,cabin,Load listing #36079,2,4,10079,RUB
417595,load_owner_36099,Brazil,Rio de Janeiro,studio,Load listing #36099,4,4,10099,RUB
417605,load_owner_36119,Brazil,Rio de Janeiro,cabin,Load listing #36119,6,4,10119,RUB
417616,load_owner_36139,Brazil,Rio de Janeiro,studio,Load listing #36139,2,4,10139,RUB
417625,load_owner_36159,Brazil,Rio de Janeiro,cabin,Load listing #36159,4,4,10159,RUB
417635,load_owner_36179,Brazil,Rio de Janeiro,studio,Load listing #36179,6,4,10179,RUB
417666,load_owner_36239,Brazil,Rio de Janeiro,cabin,Load listing #36239,6,4,10239,RUB
417683,load_owner_36279,Brazil,Rio de Janeiro,cabin,Load listing #36279,4,4,10279,RUB
417704,load_owner_36319,Brazil,Rio de Janeiro,cabin,Load listing #36319,2,4,10319,RUB
417731,load_owner_36379,Brazil,Rio de Janeiro,studio,Load listing #36379,2,4,10379,RUB
417762,load_owner_36439,Brazil,Rio de Janeiro,cabin,Load listing #36439,2,4,10439,RUB
417775,load_owner_36459,Brazil,Rio de Janeiro,studio,Load listing #36459,4,4,10459,RUB
417792,load_owner_36499,Brazil,Rio de Janeiro,studio,Load listing #36499,2,4,10499,RUB
417802,load_owner_36519,Brazil,Rio de Janeiro,cabin,Load listing #36519,4,4,10519,RUB
417829,load_owner_36579,Brazil,Rio de Janeiro,studio,Load listing #36579,4,4,10579,RUB
417863,load_owner_36639,Brazil,Rio de Janeiro,cabin,Load listing #36639,4,4,10639,RUB
417875,load_owner_36659,Brazil,Rio de Janeiro,studio,Load listing #36659,6,4,10659,RUB
417895,load_owner_36699,Brazil,Rio de Janeiro,studio,Load listing #36699,4,4,10699,RUB
417951,load_owner_36819,Brazil,Rio de Janeiro,studio,Load listing #36819,4,4,10819,RUB
417977,load_owner_36879,Brazil,Rio de Janeiro,cabin,Load listing #36879,4,4,10879,RUB
417988,load_owner_36899,Brazil,Rio de Janeiro,studio,Load listing #36899,6,4,10899,RUB
417999,load_owner_36919,Brazil,Rio de Janeiro,cabin,Load listing #36919,2,4,10919,RUB
418007,load_owner_36939,Brazil,Rio de Janeiro,studio,Load listing #36939,4,4,10939,RUB
418020,load_owner_36959,Brazil,Rio de Janeiro,cabin,Load listing #36959,6,4,11070,RUB
418032,load_owner_36979,Brazil,Rio de Janeiro,studio,Load listing #36979,2,4,10979,RUB
418043,load_owner_36999,Brazil,Rio de Janeiro,cabin,Load listing #36999,4,4,10999,RUB
418067,load_owner_37059,Brazil,Rio de Janeiro,studio,Load listing #37059,4,4,11059,RUB
418093,load_owner_37099,Brazil,Rio de Janeiro,studio,Load listing #37099,2,4,11099,RUB
418103,load_owner_37119,Brazil,Rio de Janeiro,cabin,Load listing #37119,4,4,11119,RUB
418115,load_owner_37139,Brazil,Rio de Janeiro,studio,Load listing #37139,6,4,11139,RUB
418175,load_owner_37259,Brazil,Rio de Janeiro,studio,Load listing #37259,6,4,11259,RUB
418187,load_owner_37279,Brazil,Rio de Janeiro,cabin,Load listing #37279,2,4,11279,RUB
418198,load_owner_37299,Brazil,Rio de Janeiro,studio,Load listing #37299,4,4,11299,RUB
418217,load_owner_37339,Brazil,Rio de Janeiro,studio,Load listing #37339,2,4,11339,RUB
418241,load_owner_37379,Brazil,Rio de Janeiro,studio,Load listing #37379,6,4,11379,RUB
418252,load_owner_37399,Brazil,Rio de Janeiro,cabin,Load listing #37399,2,4,11399,RUB
418261,load_owner_37419,Brazil,Rio de Janeiro,studio,Load listing #37419,4,4,11419,RUB
418313,load_owner_37519,Brazil,Rio de Janeiro,cabin,Load listing #37519,2,4,11519,RUB
418346,load_owner_37579,Brazil,Rio de Janeiro,studio,Load listing #37579,2,4,11579,RUB
418355,load_owner_37599,Brazil,Rio de Janeiro,cabin,Load listing #37599,4,4,11599,RUB
418365,load_owner_37619,Brazil,Rio de Janeiro,studio,Load listing #37619,6,4,11619,RUB
418374,load_owner_37639,Brazil,Rio de Janeiro,cabin,Load listing #37639,2,4,11639,RUB
418385,load_owner_37659,Brazil,Rio de Janeiro,studio,Load listing #37659,4,4,11659,RUB
418423,load_owner_37719,Brazil,Rio de Janeiro,cabin,Load listing #37719,4,4,11719,RUB
418431,load_owner_37739,Brazil,Rio de Janeiro,studio,Load listing #37739,6,4,11739,RUB
418440,load_owner_37759,Brazil,Rio de Janeiro,cabin,Load listing #37759,2,4,11870,RUB
418463,load_owner_37799,Brazil,Rio de Janeiro,cabin,Load listing #37799,6,4,11799,RUB
418493,load_owner_37859,Brazil,Rio de Janeiro,studio,Load listing #37859,6,4,11859,RUB
418523,load_owner_37919,Brazil,Rio de Janeiro,cabin,Load listing #37919,6,4,11919,RUB
418537,load_owner_37939,Brazil,Rio de Janeiro,studio,Load listing #37939,2,4,11939,RUB
418579,load_owner_38019,Brazil,Rio de Janeiro,studio,Load listing #38019,4,4,12019,RUB
418612,load_owner_38099,Brazil,Rio de Janeiro,studio,Load listing #38099,6,4,12099,RUB
418660,load_owner_38219,Brazil,Rio de Janeiro,studio,Load listing #38219,6,4,12330,RUB
418672,load_owner_38239,Brazil,Rio de Janeiro,cabin,Load listing #38239,2,4,12239,RUB
418685,load_owner_38279,Brazil,Rio de Janeiro,cabin,Load listing #38279,6,4,12279,RUB
418695,load_owner_38299,Brazil,Rio de Janeiro,studio,Load listing #38299,2,4,12299,RUB
418716,load_owner_38339,Brazil,Rio de Janeiro,studio,Load listing #38339,6,4,12339,RUB
418724,load_owner_38359,Brazil,Rio de Janeiro,cabin,Load listing #38359,2,4,12359,RUB
418764,load_owner_38439,Brazil,Rio de Janeiro,cabin,Load listing #38439,4,4,12439,RUB
418785,load_owner_38479,Brazil,Rio de Janeiro,cabin,Load listing #38479,2,4,12479,RUB
418807,load_owner_38519,Brazil,Rio de Janeiro,cabin,Load listing #38519,6,4,12519,RUB
418817,load_owner_38539,Brazil,Rio de Janeiro,studio,Load listing #38539,2,4,12539,RUB
418873,load_owner_38659,Brazil,Rio de Janeiro,studio,Load listing #38659,2,4,12659,RUB
418881,load_owner_38679,Brazil,Rio de Janeiro,cabin,Load listing #38679,4,4,12679,RUB
418889,load_owner_38699,Brazil,Rio de Janeiro,studio,Load listing #38699,6,4,12699,RUB
418921,load_owner_38759,Brazil,Rio de Janeiro,cabin,Load listing #38759,6,4,12759,RUB
418934,load_owner_38779,Brazil,Rio de Janeiro,studio,Load listing #38779,2,4,12779,RUB
418943,load_owner_38799,Brazil,Rio de Janeiro,cabin,Load listing #38799,4,4,12799,RUB
418951,load_owner_38819,Brazil,Rio de Janeiro,studio,Load listing #38819,6,4,12819,RUB
418978,load_owner_38879,Brazil,Rio de Janeiro,cabin,Load listing #38879,6,4,12879,RUB
418992,load_owner_38899,Brazil,Rio de Janeiro,studio,Load listing #38899,2,4,12899,RUB
419002,load_owner_38919,Brazil,Rio de Janeiro,cabin,Load listing #38919,4,4,12919,RUB
419028,load_owner_38979,Brazil,Rio de Janeiro,studio,Load listing #38979,4,4,12979,RUB
